Gross Value Added (GVA),NACE Rev2-Economic activities,Year,Gross Domestic Product by economic activities in current prices
Gross Value Added (GVA),"A Agriculture, forestry and fishing",2024,759221
Gross Value Added (GVA),"A Agriculture, forestry and fishing",2023,698945
Gross Value Added (GVA),"A Agriculture, forestry and fishing",2022,657626
Gross Value Added (GVA),"A Agriculture, forestry and fishing",2021,550948
Gross Value Added (GVA),"A Agriculture, forestry and fishing",2020,498526
Gross Value Added (GVA),"A Agriculture, forestry and fishing",2019,510773
Gross Value Added (GVA),"A Agriculture, forestry and fishing",2018,435728
Gross Value Added (GVA),"A Agriculture, forestry and fishing",2017,470932
Gross Value Added (GVA),"A Agriculture, forestry and fishing",2016,493337
Gross Value Added (GVA),"A Agriculture, forestry and fishing",2015,435635
Gross Value Added (GVA),"A Agriculture, forestry and fishing",2014,441914
Gross Value Added (GVA),"A Agriculture, forestry and fishing",2013,427595
Gross Value Added (GVA),"A Agriculture, forestry and fishing",2012,357179
Gross Value Added (GVA),"A Agriculture, forestry and fishing",2011,370512
Gross Value Added (GVA),"A Agriculture, forestry and fishing",2010,381204
Gross Value Added (GVA),"A Agriculture, forestry and fishing",2009,298805
Gross Value Added (GVA),"A Agriculture, forestry and fishing",2008,398374
Gross Value Added (GVA),B Mining and quarrynig,2024,167634
Gross Value Added (GVA),B Mining and quarrynig,2023,157196
Gross Value Added (GVA),B Mining and quarrynig,2022,137493
Gross Value Added (GVA),B Mining and quarrynig,2021,148345
Gross Value Added (GVA),B Mining and quarrynig,2020,134574
Gross Value Added (GVA),B Mining and quarrynig,2019,141292
Gross Value Added (GVA),B Mining and quarrynig,2018,145613
Gross Value Added (GVA),B Mining and quarrynig,2017,140949
Gross Value Added (GVA),B Mining and quarrynig,2016,135359
Gross Value Added (GVA),B Mining and quarrynig,2015,111027
Gross Value Added (GVA),B Mining and quarrynig,2014,106399
Gross Value Added (GVA),B Mining and quarrynig,2013,106701
Gross Value Added (GVA),B Mining and quarrynig,2012,113886
Gross Value Added (GVA),B Mining and quarrynig,2011,115971
Gross Value Added (GVA),B Mining and quarrynig,2010,99239
Gross Value Added (GVA),B Mining and quarrynig,2009,91132
Gross Value Added (GVA),B Mining and quarrynig,2008,90954
Gross Value Added (GVA),C Manufacturing,2024,1306469
Gross Value Added (GVA),C Manufacturing,2023,1250580
Gross Value Added (GVA),C Manufacturing,2022,1136998
Gross Value Added (GVA),C Manufacturing,2021,1025892
Gross Value Added (GVA),C Manufacturing,2020,904149
Gross Value Added (GVA),C Manufacturing,2019,907614
Gross Value Added (GVA),C Manufacturing,2018,875803
Gross Value Added (GVA),C Manufacturing,2017,812663
Gross Value Added (GVA),C Manufacturing,2016,788181
Gross Value Added (GVA),C Manufacturing,2015,752665
Gross Value Added (GVA),C Manufacturing,2014,717347
Gross Value Added (GVA),C Manufacturing,2013,685247
Gross Value Added (GVA),C Manufacturing,2012,635773
Gross Value Added (GVA),C Manufacturing,2011,597716
Gross Value Added (GVA),C Manufacturing,2010,555173
Gross Value Added (GVA),C Manufacturing,2009,537071
Gross Value Added (GVA),C Manufacturing,2008,496741
Gross Value Added (GVA),"D Electricity, gas, steam andair conditioning supply",2024,326501
Gross Value Added (GVA),"D Electricity, gas, steam andair conditioning supply",2023,306464
Gross Value Added (GVA),"D Electricity, gas, steam andair conditioning supply",2022,338570
Gross Value Added (GVA),"D Electricity, gas, steam andair conditioning supply",2021,288349
Gross Value Added (GVA),"D Electricity, gas, steam andair conditioning supply",2020,264917
Gross Value Added (GVA),"D Electricity, gas, steam andair conditioning supply",2019,238927
Gross Value Added (GVA),"D Electricity, gas, steam andair conditioning supply",2018,233085
Gross Value Added (GVA),"D Electricity, gas, steam andair conditioning supply",2017,230777
Gross Value Added (GVA),"D Electricity, gas, steam andair conditioning supply",2016,211821
Gross Value Added (GVA),"D Electricity, gas, steam andair conditioning supply",2015,191221
Gross Value Added (GVA),"D Electricity, gas, steam andair conditioning supply",2014,156739
Gross Value Added (GVA),"D Electricity, gas, steam andair conditioning supply",2013,144870
Gross Value Added (GVA),"D Electricity, gas, steam andair conditioning supply",2012,128280
Gross Value Added (GVA),"D Electricity, gas, steam andair conditioning supply",2011,123450
Gross Value Added (GVA),"D Electricity, gas, steam andair conditioning supply",2010,98797
Gross Value Added (GVA),"D Electricity, gas, steam andair conditioning supply",2009,93106
Gross Value Added (GVA),"D Electricity, gas, steam andair conditioning supply",2008,83265
Gross Value Added (GVA),"E Water suply; sewerage, waste management and remediation activities",2024,58274
Gross Value Added (GVA),"E Water suply; sewerage, waste management and remediation activities",2023,53970
Gross Value Added (GVA),"E Water suply; sewerage, waste management and remediation activities",2022,49219
Gross Value Added (GVA),"E Water suply; sewerage, waste management and remediation activities",2021,45905
Gross Value Added (GVA),"E Water suply; sewerage, waste management and remediation activities",2020,43089
Gross Value Added (GVA),"E Water suply; sewerage, waste management and remediation activities",2019,46478
Gross Value Added (GVA),"E Water suply; sewerage, waste management and remediation activities",2018,47734
Gross Value Added (GVA),"E Water suply; sewerage, waste management and remediation activities",2017,47710
Gross Value Added (GVA),"E Water suply; sewerage, waste management and remediation activities",2016,43732
Gross Value Added (GVA),"E Water suply; sewerage, waste management and remediation activities",2015,42285
Gross Value Added (GVA),"E Water suply; sewerage, waste management and remediation activities",2014,40581
Gross Value Added (GVA),"E Water suply; sewerage, waste management and remediation activities",2013,37883
Gross Value Added (GVA),"E Water suply; sewerage, waste management and remediation activities",2012,36113
Gross Value Added (GVA),"E Water suply; sewerage, waste management and remediation activities",2011,32474
Gross Value Added (GVA),"E Water suply; sewerage, waste management and remediation activities",2010,27939
Gross Value Added (GVA),"E Water suply; sewerage, waste management and remediation activities",2009,25794
Gross Value Added (GVA),"E Water suply; sewerage, waste management and remediation activities",2008,21736
Gross Value Added (GVA),F Construction,2024,811822
Gross Value Added (GVA),F Construction,2023,782072
Gross Value Added (GVA),F Construction,2022,761288
Gross Value Added (GVA),F Construction,2021,675879
Gross Value Added (GVA),F Construction,2020,519420
Gross Value Added (GVA),F Construction,2019,577092
Gross Value Added (GVA),F Construction,2018,559677
Gross Value Added (GVA),F Construction,2017,517679
Gross Value Added (GVA),F Construction,2016,442423
Gross Value Added (GVA),F Construction,2015,431675
Gross Value Added (GVA),F Construction,2014,390993
Gross Value Added (GVA),F Construction,2013,404053
Gross Value Added (GVA),F Construction,2012,405605
Gross Value Added (GVA),F Construction,2011,383938
Gross Value Added (GVA),F Construction,2010,308880
Gross Value Added (GVA),F Construction,2009,263479
Gross Value Added (GVA),F Construction,2008,263991
Gross Value Added (GVA),G Wholesale and retail trade;repair of motor vehicles and motorcycles,2024,1475366
Gross Value Added (GVA),G Wholesale and retail trade;repair of motor vehicles and motorcycles,2023,1414471
Gross Value Added (GVA),G Wholesale and retail trade;repair of motor vehicles and motorcycles,2022,1278434
Gross Value Added (GVA),G Wholesale and retail trade;repair of motor vehicles and motorcycles,2021,1084213
Gross Value Added (GVA),G Wholesale and retail trade;repair of motor vehicles and motorcycles,2020,867439
Gross Value Added (GVA),G Wholesale and retail trade;repair of motor vehicles and motorcycles,2019,900211
Gross Value Added (GVA),G Wholesale and retail trade;repair of motor vehicles and motorcycles,2018,833724
Gross Value Added (GVA),G Wholesale and retail trade;repair of motor vehicles and motorcycles,2017,797251
Gross Value Added (GVA),G Wholesale and retail trade;repair of motor vehicles and motorcycles,2016,742828
Gross Value Added (GVA),G Wholesale and retail trade;repair of motor vehicles and motorcycles,2015,699123
Gross Value Added (GVA),G Wholesale and retail trade;repair of motor vehicles and motorcycles,2014,648198
Gross Value Added (GVA),G Wholesale and retail trade;repair of motor vehicles and motorcycles,2013,629149
Gross Value Added (GVA),G Wholesale and retail trade;repair of motor vehicles and motorcycles,2012,610808
Gross Value Added (GVA),G Wholesale and retail trade;repair of motor vehicles and motorcycles,2011,574262
Gross Value Added (GVA),G Wholesale and retail trade;repair of motor vehicles and motorcycles,2010,523213
Gross Value Added (GVA),G Wholesale and retail trade;repair of motor vehicles and motorcycles,2009,496018
Gross Value Added (GVA),G Wholesale and retail trade;repair of motor vehicles and motorcycles,2008,489311
Gross Value Added (GVA),H Transpotation and storage,2024,459766
Gross Value Added (GVA),H Transpotation and storage,2023,431010
Gross Value Added (GVA),H Transpotation and storage,2022,395463
Gross Value Added (GVA),H Transpotation and storage,2021,341917
Gross Value Added (GVA),H Transpotation and storage,2020,262999
Gross Value Added (GVA),H Transpotation and storage,2019,309376
Gross Value Added (GVA),H Transpotation and storage,2018,298045
Gross Value Added (GVA),H Transpotation and storage,2017,283367
Gross Value Added (GVA),H Transpotation and storage,2016,268472
Gross Value Added (GVA),H Transpotation and storage,2015,258549
Gross Value Added (GVA),H Transpotation and storage,2014,240864
Gross Value Added (GVA),H Transpotation and storage,2013,212472
Gross Value Added (GVA),H Transpotation and storage,2012,195574
Gross Value Added (GVA),H Transpotation and storage,2011,178453
Gross Value Added (GVA),H Transpotation and storage,2010,162501
Gross Value Added (GVA),H Transpotation and storage,2009,148243
Gross Value Added (GVA),H Transpotation and storage,2008,137623
Gross Value Added (GVA),I Accommodation and food service activities,2024,221743
Gross Value Added (GVA),I Accommodation and food service activities,2023,207174
Gross Value Added (GVA),I Accommodation and food service activities,2022,188105
Gross Value Added (GVA),I Accommodation and food service activities,2021,163847
Gross Value Added (GVA),I Accommodation and food service activities,2020,110855
Gross Value Added (GVA),I Accommodation and food service activities,2019,146705
Gross Value Added (GVA),I Accommodation and food service activities,2018,129050
Gross Value Added (GVA),I Accommodation and food service activities,2017,116839
Gross Value Added (GVA),I Accommodation and food service activities,2016,96659
Gross Value Added (GVA),I Accommodation and food service activities,2015,89309
Gross Value Added (GVA),I Accommodation and food service activities,2014,82737
Gross Value Added (GVA),I Accommodation and food service activities,2013,78465
Gross Value Added (GVA),I Accommodation and food service activities,2012,61959
Gross Value Added (GVA),I Accommodation and food service activities,2011,55239
Gross Value Added (GVA),I Accommodation and food service activities,2010,43853
Gross Value Added (GVA),I Accommodation and food service activities,2009,36980
Gross Value Added (GVA),I Accommodation and food service activities,2008,34289
Gross Value Added (GVA),J Information and communiaction,2024,207603
Gross Value Added (GVA),J Information and communiaction,2023,198044
Gross Value Added (GVA),J Information and communiaction,2022,178262
Gross Value Added (GVA),J Information and communiaction,2021,150124
Gross Value Added (GVA),J Information and communiaction,2020,134577
Gross Value Added (GVA),J Information and communiaction,2019,130784
Gross Value Added (GVA),J Information and communiaction,2018,124441
Gross Value Added (GVA),J Information and communiaction,2017,113331
Gross Value Added (GVA),J Information and communiaction,2016,107708
Gross Value Added (GVA),J Information and communiaction,2015,101177
Gross Value Added (GVA),J Information and communiaction,2014,95933
Gross Value Added (GVA),J Information and communiaction,2013,85082
Gross Value Added (GVA),J Information and communiaction,2012,76796
Gross Value Added (GVA),J Information and communiaction,2011,71424
Gross Value Added (GVA),J Information and communiaction,2010,62298
Gross Value Added (GVA),J Information and communiaction,2009,54394
Gross Value Added (GVA),J Information and communiaction,2008,50239
Gross Value Added (GVA),K Financial and insurance activities,2024,438957
Gross Value Added (GVA),K Financial and insurance activities,2023,416894
Gross Value Added (GVA),K Financial and insurance activities,2022,348642
Gross Value Added (GVA),K Financial and insurance activities,2021,294751
Gross Value Added (GVA),K Financial and insurance activities,2020,277337
Gross Value Added (GVA),K Financial and insurance activities,2019,272558
Gross Value Added (GVA),K Financial and insurance activities,2018,237273
Gross Value Added (GVA),K Financial and insurance activities,2017,196229
Gross Value Added (GVA),K Financial and insurance activities,2016,182379
Gross Value Added (GVA),K Financial and insurance activities,2015,214484
Gross Value Added (GVA),K Financial and insurance activities,2014,221789
Gross Value Added (GVA),K Financial and insurance activities,2013,216024
Gross Value Added (GVA),K Financial and insurance activities,2012,195251
Gross Value Added (GVA),K Financial and insurance activities,2011,175010
Gross Value Added (GVA),K Financial and insurance activities,2010,153867
Gross Value Added (GVA),K Financial and insurance activities,2009,130778
Gross Value Added (GVA),K Financial and insurance activities,2008,129726
Gross Value Added (GVA),L Real estate activities,2024,581184
Gross Value Added (GVA),L Real estate activities,2023,572145
Gross Value Added (GVA),L Real estate activities,2022,544622
Gross Value Added (GVA),L Real estate activities,2021,512555
Gross Value Added (GVA),L Real estate activities,2020,493438
Gross Value Added (GVA),L Real estate activities,2019,490441
Gross Value Added (GVA),L Real estate activities,2018,474820
Gross Value Added (GVA),L Real estate activities,2017,456679
Gross Value Added (GVA),L Real estate activities,2016,441547
Gross Value Added (GVA),L Real estate activities,2015,424338
Gross Value Added (GVA),L Real estate activities,2014,415481
Gross Value Added (GVA),L Real estate activities,2013,407668
Gross Value Added (GVA),L Real estate activities,2012,384196
Gross Value Added (GVA),L Real estate activities,2011,360363
Gross Value Added (GVA),L Real estate activities,2010,356459
Gross Value Added (GVA),L Real estate activities,2009,360331
Gross Value Added (GVA),L Real estate activities,2008,345993
Gross Value Added (GVA),"M Proffesional, scientific and technical activities",2024,137036
Gross Value Added (GVA),"M Proffesional, scientific and technical activities",2023,132039
Gross Value Added (GVA),"M Proffesional, scientific and technical activities",2022,121612
Gross Value Added (GVA),"M Proffesional, scientific and technical activities",2021,113918
Gross Value Added (GVA),"M Proffesional, scientific and technical activities",2020,107358
Gross Value Added (GVA),"M Proffesional, scientific and technical activities",2019,99929
Gross Value Added (GVA),"M Proffesional, scientific and technical activities",2018,97762
Gross Value Added (GVA),"M Proffesional, scientific and technical activities",2017,96606
Gross Value Added (GVA),"M Proffesional, scientific and technical activities",2016,94390
Gross Value Added (GVA),"M Proffesional, scientific and technical activities",2015,91629
Gross Value Added (GVA),"M Proffesional, scientific and technical activities",2014,82167
Gross Value Added (GVA),"M Proffesional, scientific and technical activities",2013,77458
Gross Value Added (GVA),"M Proffesional, scientific and technical activities",2012,78433
Gross Value Added (GVA),"M Proffesional, scientific and technical activities",2011,68791
Gross Value Added (GVA),"M Proffesional, scientific and technical activities",2010,59061
Gross Value Added (GVA),"M Proffesional, scientific and technical activities",2009,53277
Gross Value Added (GVA),"M Proffesional, scientific and technical activities",2008,48592
Gross Value Added (GVA),N Administrative and support service activities,2024,66125
Gross Value Added (GVA),N Administrative and support service activities,2023,63962
Gross Value Added (GVA),N Administrative and support service activities,2022,58984
Gross Value Added (GVA),N Administrative and support service activities,2021,54486
Gross Value Added (GVA),N Administrative and support service activities,2020,49589
Gross Value Added (GVA),N Administrative and support service activities,2019,52125
Gross Value Added (GVA),N Administrative and support service activities,2018,49338
Gross Value Added (GVA),N Administrative and support service activities,2017,45070
Gross Value Added (GVA),N Administrative and support service activities,2016,41739
Gross Value Added (GVA),N Administrative and support service activities,2015,39294
Gross Value Added (GVA),N Administrative and support service activities,2014,37717
Gross Value Added (GVA),N Administrative and support service activities,2013,36637
Gross Value Added (GVA),N Administrative and support service activities,2012,33442
Gross Value Added (GVA),N Administrative and support service activities,2011,30878
Gross Value Added (GVA),N Administrative and support service activities,2010,28052
Gross Value Added (GVA),N Administrative and support service activities,2009,27752
Gross Value Added (GVA),N Administrative and support service activities,2008,24327
Gross Value Added (GVA),O Public administration and defence ; compulsory social security,2024,529526
Gross Value Added (GVA),O Public administration and defence ; compulsory social security,2023,496510
Gross Value Added (GVA),O Public administration and defence ; compulsory social security,2022,448001
Gross Value Added (GVA),O Public administration and defence ; compulsory social security,2021,436988
Gross Value Added (GVA),O Public administration and defence ; compulsory social security,2020,444284
Gross Value Added (GVA),O Public administration and defence ; compulsory social security,2019,419183
Gross Value Added (GVA),O Public administration and defence ; compulsory social security,2018,386556
Gross Value Added (GVA),O Public administration and defence ; compulsory social security,2017,355515
Gross Value Added (GVA),O Public administration and defence ; compulsory social security,2016,341553
Gross Value Added (GVA),O Public administration and defence ; compulsory social security,2015,332744
Gross Value Added (GVA),O Public administration and defence ; compulsory social security,2014,312343
Gross Value Added (GVA),O Public administration and defence ; compulsory social security,2013,297840
Gross Value Added (GVA),O Public administration and defence ; compulsory social security,2012,275813
Gross Value Added (GVA),O Public administration and defence ; compulsory social security,2011,249136
Gross Value Added (GVA),O Public administration and defence ; compulsory social security,2010,204845
Gross Value Added (GVA),O Public administration and defence ; compulsory social security,2009,154216
Gross Value Added (GVA),O Public administration and defence ; compulsory social security,2008,127259
Gross Value Added (GVA),P Education,2024,330039
Gross Value Added (GVA),P Education,2023,311545
Gross Value Added (GVA),P Education,2022,274076
Gross Value Added (GVA),P Education,2021,270776
Gross Value Added (GVA),P Education,2020,257380
Gross Value Added (GVA),P Education,2019,258019
Gross Value Added (GVA),P Education,2018,254655
Gross Value Added (GVA),P Education,2017,244820
Gross Value Added (GVA),P Education,2016,242071
Gross Value Added (GVA),P Education,2015,233137
Gross Value Added (GVA),P Education,2014,217539
Gross Value Added (GVA),P Education,2013,193676
Gross Value Added (GVA),P Education,2012,189244
Gross Value Added (GVA),P Education,2011,179770
Gross Value Added (GVA),P Education,2010,144848
Gross Value Added (GVA),P Education,2009,136326
Gross Value Added (GVA),P Education,2008,120922
Gross Value Added (GVA),Q Human health and social work activities,2024,231030
Gross Value Added (GVA),Q Human health and social work activities,2023,215996
Gross Value Added (GVA),Q Human health and social work activities,2022,184744
Gross Value Added (GVA),Q Human health and social work activities,2021,184884
Gross Value Added (GVA),Q Human health and social work activities,2020,180459
Gross Value Added (GVA),Q Human health and social work activities,2019,154599
Gross Value Added (GVA),Q Human health and social work activities,2018,143698
Gross Value Added (GVA),Q Human health and social work activities,2017,129496
Gross Value Added (GVA),Q Human health and social work activities,2016,124904
Gross Value Added (GVA),Q Human health and social work activities,2015,117852
Gross Value Added (GVA),Q Human health and social work activities,2014,106741
Gross Value Added (GVA),Q Human health and social work activities,2013,95974
Gross Value Added (GVA),Q Human health and social work activities,2012,91000
Gross Value Added (GVA),Q Human health and social work activities,2011,84121
Gross Value Added (GVA),Q Human health and social work activities,2010,73301
Gross Value Added (GVA),Q Human health and social work activities,2009,57489
Gross Value Added (GVA),Q Human health and social work activities,2008,48592
Gross Value Added (GVA),"R Arts,entertainment and recreation",2024,18868
Gross Value Added (GVA),"R Arts,entertainment and recreation",2023,17835
Gross Value Added (GVA),"R Arts,entertainment and recreation",2022,14361
Gross Value Added (GVA),"R Arts,entertainment and recreation",2021,14228
Gross Value Added (GVA),"R Arts,entertainment and recreation",2020,13228
Gross Value Added (GVA),"R Arts,entertainment and recreation",2019,17284
Gross Value Added (GVA),"R Arts,entertainment and recreation",2018,28855
Gross Value Added (GVA),"R Arts,entertainment and recreation",2017,27157
Gross Value Added (GVA),"R Arts,entertainment and recreation",2016,25840
Gross Value Added (GVA),"R Arts,entertainment and recreation",2015,23407
Gross Value Added (GVA),"R Arts,entertainment and recreation",2014,21928
Gross Value Added (GVA),"R Arts,entertainment and recreation",2013,20393
Gross Value Added (GVA),"R Arts,entertainment and recreation",2012,19723
Gross Value Added (GVA),"R Arts,entertainment and recreation",2011,18733
Gross Value Added (GVA),"R Arts,entertainment and recreation",2010,16700
Gross Value Added (GVA),"R Arts,entertainment and recreation",2009,15073
Gross Value Added (GVA),"R Arts,entertainment and recreation",2008,14465
Gross Value Added (GVA),S Other service activities,2024,30873
Gross Value Added (GVA),S Other service activities,2023,29865
Gross Value Added (GVA),S Other service activities,2022,28472
Gross Value Added (GVA),S Other service activities,2021,27760
Gross Value Added (GVA),S Other service activities,2020,26905
Gross Value Added (GVA),S Other service activities,2019,25245
Gross Value Added (GVA),S Other service activities,2018,23935
Gross Value Added (GVA),S Other service activities,2017,22904
Gross Value Added (GVA),S Other service activities,2016,22253
Gross Value Added (GVA),S Other service activities,2015,21470
Gross Value Added (GVA),S Other service activities,2014,21692
Gross Value Added (GVA),S Other service activities,2013,22423
Gross Value Added (GVA),S Other service activities,2012,21853
Gross Value Added (GVA),S Other service activities,2011,20130
Gross Value Added (GVA),S Other service activities,2010,19537
Gross Value Added (GVA),S Other service activities,2009,19342
Gross Value Added (GVA),S Other service activities,2008,19200
Gross Value Added (GVA),T Activities of households as employers; undifferentiated goods-and services-producing activities of households for own use,2024,0
Gross Value Added (GVA),T Activities of households as employers; undifferentiated goods-and services-producing activities of households for own use,2023,0
Gross Value Added (GVA),T Activities of households as employers; undifferentiated goods-and services-producing activities of households for own use,2022,0
Gross Value Added (GVA),T Activities of households as employers; undifferentiated goods-and services-producing activities of households for own use,2021,0
Gross Value Added (GVA),T Activities of households as employers; undifferentiated goods-and services-producing activities of households for own use,2020,0
Gross Value Added (GVA),T Activities of households as employers; undifferentiated goods-and services-producing activities of households for own use,2019,0
Gross Value Added (GVA),T Activities of households as employers; undifferentiated goods-and services-producing activities of households for own use,2018,0
Gross Value Added (GVA),T Activities of households as employers; undifferentiated goods-and services-producing activities of households for own use,2017,0
Gross Value Added (GVA),T Activities of households as employers; undifferentiated goods-and services-producing activities of households for own use,2016,0
Gross Value Added (GVA),T Activities of households as employers; undifferentiated goods-and services-producing activities of households for own use,2015,0
Gross Value Added (GVA),T Activities of households as employers; undifferentiated goods-and services-producing activities of households for own use,2014,0
Gross Value Added (GVA),T Activities of households as employers; undifferentiated goods-and services-producing activities of households for own use,2013,0
Gross Value Added (GVA),T Activities of households as employers; undifferentiated goods-and services-producing activities of households for own use,2012,0
Gross Value Added (GVA),T Activities of households as employers; undifferentiated goods-and services-producing activities of households for own use,2011,0
Gross Value Added (GVA),T Activities of households as employers; undifferentiated goods-and services-producing activities of households for own use,2010,0
Gross Value Added (GVA),T Activities of households as employers; undifferentiated goods-and services-producing activities of households for own use,2009,0
Gross Value Added (GVA),T Activities of households as employers; undifferentiated goods-and services-producing activities of households for own use,2008,0
Gross Value Added (GVA), GVA at basic prices,2024,8158040
Gross Value Added (GVA), GVA at basic prices,2023,7756719
Gross Value Added (GVA), GVA at basic prices,2022,7144972
Gross Value Added (GVA), GVA at basic prices,2021,6385766
Gross Value Added (GVA), GVA at basic prices,2020,5590522
Gross Value Added (GVA), GVA at basic prices,2019,5698635
Gross Value Added (GVA), GVA at basic prices,2018,5379793
Gross Value Added (GVA), GVA at basic prices,2017,5105974
Gross Value Added (GVA), GVA at basic prices,2016,4847198
Gross Value Added (GVA), GVA at basic prices,2015,4611021
Gross Value Added (GVA), GVA at basic prices,2014,4359103
Gross Value Added (GVA), GVA at basic prices,2013,4179611
Gross Value Added (GVA), GVA at basic prices,2012,3910932
Gross Value Added (GVA), GVA at basic prices,2011,3690371
Gross Value Added (GVA), GVA at basic prices,2010,3319768
Gross Value Added (GVA), GVA at basic prices,2009,2999606
Gross Value Added (GVA), GVA at basic prices,2008,2945599
Gross Value Added (GVA), Taxes on product,2024,2297620
Gross Value Added (GVA), Taxes on product,2023,2071982
Gross Value Added (GVA), Taxes on product,2022,1856280
Gross Value Added (GVA), Taxes on product,2021,1654901
Gross Value Added (GVA), Taxes on product,2020,1278134
Gross Value Added (GVA), Taxes on product,2019,1419039
Gross Value Added (GVA), Taxes on product,2018,1341373
Gross Value Added (GVA), Taxes on product,2017,1300192
Gross Value Added (GVA), Taxes on product,2016,1220098
Gross Value Added (GVA), Taxes on product,2015,1093881
Gross Value Added (GVA), Taxes on product,2014,987490
Gross Value Added (GVA), Taxes on product,2013,978689
Gross Value Added (GVA), Taxes on product,2012,968190
Gross Value Added (GVA), Taxes on product,2011,945692
Gross Value Added (GVA), Taxes on product,2010,791900
Gross Value Added (GVA), Taxes on product,2009,711554
Gross Value Added (GVA), Taxes on product,2008,663289
Gross Value Added (GVA), Subsidies,2024,-105287
Gross Value Added (GVA), Subsidies,2023,-148632
Gross Value Added (GVA), Subsidies,2022,-105525
Gross Value Added (GVA), Subsidies,2021,-82791
Gross Value Added (GVA), Subsidies,2020,-97055
Gross Value Added (GVA), Subsidies,2019,-61502
Gross Value Added (GVA), Subsidies,2018,-49644
Gross Value Added (GVA), Subsidies,2017,-49710
Gross Value Added (GVA), Subsidies,2016,-30023
Gross Value Added (GVA), Subsidies,2015,-30479
Gross Value Added (GVA), Subsidies,2014,-21497
Gross Value Added (GVA), Subsidies,2013,-86967
Gross Value Added (GVA), Subsidies,2012,-81844
Gross Value Added (GVA), Subsidies,2011,-80159
Gross Value Added (GVA), Subsidies,2010,-80677
Gross Value Added (GVA), Subsidies,2009,-100719
Gross Value Added (GVA), Subsidies,2008,-71289
Gross Value Added (GVA), Gross Domestic Product,2024,10350373
Gross Value Added (GVA), Gross Domestic Product,2023,9680068
Gross Value Added (GVA), Gross Domestic Product,2022,8895728
Gross Value Added (GVA), Gross Domestic Product,2021,7957876
Gross Value Added (GVA), Gross Domestic Product,2020,6771601
Gross Value Added (GVA), Gross Domestic Product,2019,7056172
Gross Value Added (GVA), Gross Domestic Product,2018,6671522
Gross Value Added (GVA), Gross Domestic Product,2017,6356456
Gross Value Added (GVA), Gross Domestic Product,2016,6037273
Gross Value Added (GVA), Gross Domestic Product,2015,5674422
Gross Value Added (GVA), Gross Domestic Product,2014,5325095
Gross Value Added (GVA), Gross Domestic Product,2013,5071333
Gross Value Added (GVA), Gross Domestic Product,2012,4797278
Gross Value Added (GVA), Gross Domestic Product,2011,4555903
Gross Value Added (GVA), Gross Domestic Product,2010,4030991
Gross Value Added (GVA), Gross Domestic Product,2009,3610441
Gross Value Added (GVA), Gross Domestic Product,2008,3537599
