shapeName,muni,pop_2011,pop_2024,pop_change_pct,has_2011,conventional_2011,vacant_2011,vac_share_2011,conventional_2024,vacant_2024,vac_share_2024,is_north,is_serb_south,in_scatter
Municipality of Partesh,Partesh,1787,3240,81.30945719082261,TRUE,433,203,46.88221709006928,1067,174,16.307403936269914,FALSE,TRUE,FALSE
Municipality of Dragash,Dragash,33997,28896,-15.004265082213136,TRUE,7137,2813,39.41431974218859,10817,4693,43.38541185171489,FALSE,FALSE,TRUE
Municipality of Rahovec,Rahovec,56208,41799,-25.635140905209223,TRUE,8799,2448,27.821343334469827,13547,3784,27.932383553554292,FALSE,FALSE,TRUE
Municipality of Shtërpcë,Shtërpca,6949,10771,55.00071952798964,TRUE,1603,619,38.615096693699314,4397,1433,32.59040254719127,FALSE,TRUE,FALSE
Municipality of Kamenica,Kamenica,36085,22868,-36.62740751004573,TRUE,6336,2283,36.03219696969697,9587,3356,35.0057369354334,FALSE,FALSE,TRUE
Municipality of Fushë Kosovë,Fushë Kosova,34827,63949,83.61903121141643,TRUE,6727,2959,43.98691838858332,27628,10597,38.356015636310985,FALSE,FALSE,TRUE
Municipality of Novobërdë,Novobërdë,6729,4493,-33.229305989002825,TRUE,1457,1040,71.37954701441318,1813,591,32.597904026475454,FALSE,FALSE,TRUE
Municipality of Istog,Istog,39289,33008,-15.98666293364555,TRUE,7359,2204,29.94972142954206,13084,5385,41.15713848975848,FALSE,FALSE,TRUE
Municipality of Prizren,Prizren,177781,147246,-17.175626191775272,TRUE,30502,9123,29.90951413022097,48981,16842,34.384761438108654,FALSE,FALSE,TRUE
Municipality of Pristina,Prishtina,198897,227466,14.363715893150726,TRUE,43943,15402,35.04995107298091,86530,25195,29.1170692245464,FALSE,FALSE,TRUE
Municipality of Han i Elezit,Hani i Elezit,9403,8533,-9.252366266085293,TRUE,1473,243,16.4969450101833,1914,279,14.576802507836993,FALSE,FALSE,TRUE
Municipality of North Mitrovica,Mitrovica e Veriut,NA,7920,NA,FALSE,NA,NA,NA,833,154,18.48739495798319,TRUE,FALSE,FALSE
Municipality of Kllokot,Kllokot,2556,3041,18.974960876369327,TRUE,506,224,44.26877470355731,893,203,22.732362821948488,FALSE,TRUE,FALSE
Municipality of Ferizaj,Ferizaj,108610,109255,0.5938679679587515,TRUE,18456,7094,38.437364542696145,39501,15228,38.55092276144908,FALSE,FALSE,TRUE
Municipality of Drenas,Drenas,58531,48079,-17.85720387486973,TRUE,9030,2975,32.945736434108525,12910,2725,21.107668474051124,FALSE,FALSE,TRUE
Municipality of Deçan,Deçan,40019,27775,-30.595467153102277,TRUE,6262,1429,22.820185244330883,9839,3030,30.79581258257953,FALSE,FALSE,TRUE
Municipality of Mitrovica,Mitrovica,71909,64742,-9.966763548373638,TRUE,13618,3782,27.77206638272874,22455,7806,34.76285905143621,FALSE,FALSE,TRUE
Municipality of Podujeva,Podujeva,88499,70975,-19.801353687612288,TRUE,14194,3809,26.8352825137382,23055,6486,28.132726089785297,FALSE,FALSE,TRUE
Municipality of Suhareka,Suhareka,59722,45749,-23.396738220421284,TRUE,10674,2059,19.289863219036913,17046,6929,40.64883257069107,FALSE,FALSE,TRUE
Municipality of Kaçanik,Kaçanik,33409,27716,-17.04031847705708,TRUE,5731,1552,27.08078869307276,8276,2449,29.59159014016433,FALSE,FALSE,TRUE
Municipality of Ranillug,Ranillug,3866,2481,-35.825142265907914,TRUE,941,447,47.502656748140275,901,236,26.193118756936737,FALSE,TRUE,FALSE
Municipality of Malisheva,Malisheva,54613,43888,-19.63818138538443,TRUE,7291,1681,23.055822246605405,12645,4232,33.46777382364571,FALSE,FALSE,TRUE
Municipality of Peja,Peja,96450,82745,-14.209434940383618,TRUE,17936,7554,42.1164139161463,31089,8062,25.932001672617325,FALSE,FALSE,TRUE
Municipality of Zubin Potok,Zubin Potok,NA,3385,NA,FALSE,NA,NA,NA,276,91,32.971014492753625,TRUE,FALSE,FALSE
Municipality of Junik,Junik,6084,3943,-35.190664036817886,TRUE,765,17,2.2222222222222223,1277,413,32.34142521534847,FALSE,FALSE,TRUE
Municipality of Viti,Viti,46987,35566,-24.306723136186605,TRUE,8369,2861,34.185685267056996,12843,5031,39.17309039943938,FALSE,FALSE,TRUE
Municipality of Gjakova,Gjakova,94556,78699,-16.769956427936883,TRUE,17283,4520,26.15286697911242,26628,8360,31.39552350908818,FALSE,FALSE,TRUE
Municipality of Zveçan,Zveçan,NA,2867,NA,FALSE,NA,NA,NA,199,83,41.70854271356784,TRUE,FALSE,FALSE
Municipality of Klina,Klina,38496,30503,-20.763196176226103,TRUE,6369,1756,27.57104726016643,11192,4514,40.33238027162259,FALSE,FALSE,TRUE
Municipality of Gjilan,Gjilan,90178,82980,-7.981991173013373,TRUE,18314,4987,27.230534017691383,32578,12656,38.84830253545337,FALSE,FALSE,TRUE
Municipality of Leposaviq,Leposaviq,NA,9485,NA,FALSE,NA,NA,NA,1592,317,19.912060301507537,TRUE,FALSE,FALSE
Municipality of Gracanica,Graçanica,10675,18486,73.17096018735363,TRUE,2415,962,39.834368530020704,5289,1157,21.875590848931743,FALSE,TRUE,FALSE
Municipality of Mamusha,Mamushë,5507,5607,1.8158707100054476,TRUE,518,149,28.764478764478763,859,79,9.19674039580908,FALSE,FALSE,TRUE
Municipality of Vushtrri,Vushtrri,69870,61528,-11.939315872334337,TRUE,12107,2985,24.65515817295779,20160,6476,32.12301587301587,FALSE,FALSE,TRUE
Municipality of Lipjan,Lipjan,57605,55044,-4.445794635882302,TRUE,10166,3476,34.192406059413734,18697,6589,35.24094774562764,FALSE,FALSE,TRUE
Municipality of Skenderaj,Skenderaj,50858,40664,-20.04404420150222,TRUE,7708,2770,35.93668915412558,13597,4347,31.97028756343311,FALSE,FALSE,TRUE
Municipality of Obiliq,Obiliq,21549,22815,5.874982597800362,TRUE,3906,1541,39.452124935995904,6020,1094,18.172757475083056,FALSE,FALSE,TRUE
Municipality of Shtime,Shtime,27324,24308,-11.037915385741472,TRUE,4383,1841,42.003194159251656,6764,1773,26.21230041395624,FALSE,FALSE,TRUE
