period,type,pi_XK_pp,pi_EA_pp,gap_pp,comp_mid_pp,within_mid_pp,resid_pp,comp_A_pp,within_A_pp,comp_B_pp,within_B_pp,interaction_pp,ref_aa_XK_pp,ref_aa_EA_pp,ref_aa_gap_pp_not_decomposed,ea_u_flag,verdict,offset_by_other,seasonality_caveat
2016,year,1.283437,1.106964,0.176473,0.050459,0.146895,-0.020881,-0.011984,0.209338,0.112902,0.084453,0.124885,0.3,0.2,0.1,FALSE,range,,
2017,year,0.506869,1.336728,-0.829859,0.273746,-1.120682,0.017077,0.094331,-0.941267,0.453161,-1.300097,0.35883,1.5,1.5,0,FALSE,within-division,TRUE,
2018,year,2.893165,1.532663,1.360502,0.439649,0.932666,-0.011813,-0.154945,1.52726,1.034243,0.338072,1.189188,1.1,1.8,-0.7,FALSE,range,,
2019,year,1.173739,1.32393,-0.150191,0.231638,-0.380731,-0.001098,0.095438,-0.24453,0.367838,-0.516931,0.2724,2.7,1.2,1.5,FALSE,within-division,TRUE,
2020,year,0.08924,-0.268653,0.357893,0.13754,0.219003,0.00135,0.215399,0.141145,0.059682,0.296861,-0.155717,0.2,0.3,-0.1,TRUE,range,,
2021,year,6.699783,4.958981,1.740802,0.449308,1.288869,0.002626,-0.349421,2.087598,1.248037,0.49014,1.597458,3.4,2.6,0.8,TRUE,range,,
2022,year,12.06876,9.204386,2.864373,1.570775,1.291815,0.001783,1.318577,1.544012,1.822973,1.039617,0.504396,11.6,8.4,3.2,FALSE,range,,
2023,year,2.311461,2.927038,-0.615576,0.179126,-0.795719,0.001018,0.844654,-1.461248,-0.486403,-0.130191,-1.331057,4.9,5.4,-0.5,FALSE,range,,
2024,year,1.103592,2.428646,-1.325054,0.112299,-1.444663,0.007311,-0.319408,-1.012957,0.544005,-1.87637,0.863413,1.6,2.4,-0.8,FALSE,within-division,FALSE,
2025,year,5.272372,1.965751,3.30662,-0.063674,3.385323,-0.015028,-0.104919,3.426568,-0.022429,3.344078,0.08249,3.9,2.1,1.8,FALSE,within-division,TRUE,
window mean 2016-2025,window_mean,3.340242,2.651643,0.688598,0.338086,0.352278,-0.001766,0.162772,0.527592,0.513401,0.176963,0.350629,3.12,2.59,0.53,,range,,
"2026 YTD — cumulative Dec 2025→Aug 2026, 8 months, not annual; provisional",ytd_excluded_from_averages,5.781082,3.040843,2.740239,-0.185397,2.922649,0.002987,-0.532906,3.270158,0.162111,2.575141,0.695017,,,,FALSE,within-division,FALSE,"Dec to Aug, not a full seasonal cycle; division-level YTD contributions can reflect differing seasonal patterns between the areas (e.g. sales calendars) and are not reported in the piece. The YTD aggregate appears only with this caveat."
