period,division,division_label,share_XK,share_EA,rate_XK_pp,rate_EA_pp,mean_rate_pp,basket_mean_rate_pp,comp_dev_pp
2025,CP01,Food and non-alcoholic beverages,0.3211,0.15543,8.603965,2.454675,5.52932,3.59564,0.320353
2025,CP09,"Recreation, sport and culture",0.04558,0.0745,1.70975,1.699201,1.704475,3.59564,0.054692
2025,CP02,"Alcoholic beverages, tobacco and narcotics",0.0622,0.03779,6.175526,2.740006,4.457766,3.59564,0.021044
2025,CP12,Insurance and financial services,0.01863,0.03134,0.431467,4.267411,2.349439,3.59564,0.015839
2025,CP03,Clothing and footwear,0.04419,0.04788,3.479145,0.32617,1.902658,3.59564,0.006247
2025,CP10,Education services,0.0088,0.01086,3.79969,3.65928,3.729485,3.59564,-2.76e-4
2025,CP13,"Personal care, social protection and miscellaneous goods and services",0.04183,0.06448,4.691992,2.871398,3.781695,3.59564,-0.004214
2025,CP08,Information and communication,0.04237,0.04081,-0.736318,-1.233463,-0.984891,3.59564,-0.007146
2025,CP05,"Furnishings, household equipment and routine household maintenance",0.07276,0.05913,2.38506,0.170375,1.277718,3.59564,-0.031593
2025,CP06,Health,0.02567,0.0595,6.340448,3.018829,4.679638,3.59564,-0.036672
2025,CP07,Transport,0.18593,0.15609,0.270379,1.432462,0.85142,3.59564,-0.081888
2025,CP04,"Housing, water, electricity, gas and other fuels",0.08992,0.14923,10.649671,1.230956,5.940313,3.59564,-0.139063
2025,CP11,Restaurants and accommodation services,0.04102,0.11296,8.479594,3.743648,6.111621,3.59564,-0.181
