Year,Municipality,Sex,Age,population
2024,KOSOVA,Total,0,20592
2024,KOSOVA,Total,1,21569
2024,KOSOVA,Total,2,22512
2024,KOSOVA,Total,3,21354
2024,KOSOVA,Total,4,22227
2024,KOSOVA,Total,5,23001
2024,KOSOVA,Total,6,23216
2024,KOSOVA,Total,7,23498
2024,KOSOVA,Total,8,23706
2024,KOSOVA,Total,9,24408
2024,KOSOVA,Total,10,24759
2024,KOSOVA,Total,11,24735
2024,KOSOVA,Total,12,25158
2024,KOSOVA,Total,13,24651
2024,KOSOVA,Total,14,24510
2024,KOSOVA,Total,15,24708
2024,KOSOVA,Total,16,24760
2024,KOSOVA,Total,17,24078
2024,KOSOVA,Total,18,24613
2024,KOSOVA,Total,19,25346
2024,KOSOVA,Total,20,25254
2024,KOSOVA,Total,21,26531
2024,KOSOVA,Total,22,27539
2024,KOSOVA,Total,23,31851
2024,KOSOVA,Total,24,23989
2024,KOSOVA,Total,25,23079
2024,KOSOVA,Total,26,23081
2024,KOSOVA,Total,27,23196
2024,KOSOVA,Total,28,22715
2024,KOSOVA,Total,29,22239
2024,KOSOVA,Total,30,22333
2024,KOSOVA,Total,31,22393
2024,KOSOVA,Total,32,22238
2024,KOSOVA,Total,33,21667
2024,KOSOVA,Total,34,21680
2024,KOSOVA,Total,35,21322
2024,KOSOVA,Total,36,21457
2024,KOSOVA,Total,37,21256
2024,KOSOVA,Total,38,20914
2024,KOSOVA,Total,39,20160
2024,KOSOVA,Total,40,21044
2024,KOSOVA,Total,41,20896
2024,KOSOVA,Total,42,20928
2024,KOSOVA,Total,43,20797
2024,KOSOVA,Total,44,20798
2024,KOSOVA,Total,45,20714
2024,KOSOVA,Total,46,21029
2024,KOSOVA,Total,47,21205
2024,KOSOVA,Total,48,22107
2024,KOSOVA,Total,49,21587
2024,KOSOVA,Total,50,20579
2024,KOSOVA,Total,51,20608
2024,KOSOVA,Total,52,20378
2024,KOSOVA,Total,53,19360
2024,KOSOVA,Total,54,20406
2024,KOSOVA,Total,55,19034
2024,KOSOVA,Total,56,18960
2024,KOSOVA,Total,57,18090
2024,KOSOVA,Total,58,18077
2024,KOSOVA,Total,59,17974
2024,KOSOVA,Total,60,17616
2024,KOSOVA,Total,61,16319
2024,KOSOVA,Total,62,16295
2024,KOSOVA,Total,63,16462
2024,KOSOVA,Total,64,15042
2024,KOSOVA,Total,65,15485
2024,KOSOVA,Total,66,13115
2024,KOSOVA,Total,67,13531
2024,KOSOVA,Total,68,12618
2024,KOSOVA,Total,69,12977
2024,KOSOVA,Total,70,11376
2024,KOSOVA,Total,71,11062
2024,KOSOVA,Total,72,8983
2024,KOSOVA,Total,73,9526
2024,KOSOVA,Total,74,8733
2024,KOSOVA,Total,75,7543
2024,KOSOVA,Total,76,7226
2024,KOSOVA,Total,77,6518
2024,KOSOVA,Total,78,5418
2024,KOSOVA,Total,79,5388
2024,KOSOVA,Total,80,4779
2024,KOSOVA,Total,81,4429
2024,KOSOVA,Total,82,3361
2024,KOSOVA,Total,83,3356
2024,KOSOVA,Total,84,2783
2024,KOSOVA,Total,85+,9708
2024,KOSOVA,Total,Total,1602515
2024,Deçan,Total,0,318
2024,Deçan,Total,1,314
2024,Deçan,Total,2,350
2024,Deçan,Total,3,343
2024,Deçan,Total,4,339
2024,Deçan,Total,5,362
2024,Deçan,Total,6,366
2024,Deçan,Total,7,393
2024,Deçan,Total,8,394
2024,Deçan,Total,9,381
2024,Deçan,Total,10,419
2024,Deçan,Total,11,394
2024,Deçan,Total,12,443
2024,Deçan,Total,13,408
2024,Deçan,Total,14,413
2024,Deçan,Total,15,420
2024,Deçan,Total,16,406
2024,Deçan,Total,17,400
2024,Deçan,Total,18,454
2024,Deçan,Total,19,414
2024,Deçan,Total,20,430
2024,Deçan,Total,21,435
2024,Deçan,Total,22,404
2024,Deçan,Total,23,504
2024,Deçan,Total,24,404
2024,Deçan,Total,25,390
2024,Deçan,Total,26,392
2024,Deçan,Total,27,390
2024,Deçan,Total,28,371
2024,Deçan,Total,29,372
2024,Deçan,Total,30,361
2024,Deçan,Total,31,375
2024,Deçan,Total,32,361
2024,Deçan,Total,33,362
2024,Deçan,Total,34,338
2024,Deçan,Total,35,378
2024,Deçan,Total,36,314
2024,Deçan,Total,37,326
2024,Deçan,Total,38,318
2024,Deçan,Total,39,289
2024,Deçan,Total,40,357
2024,Deçan,Total,41,319
2024,Deçan,Total,42,368
2024,Deçan,Total,43,307
2024,Deçan,Total,44,349
2024,Deçan,Total,45,373
2024,Deçan,Total,46,365
2024,Deçan,Total,47,375
2024,Deçan,Total,48,361
2024,Deçan,Total,49,388
2024,Deçan,Total,50,377
2024,Deçan,Total,51,383
2024,Deçan,Total,52,363
2024,Deçan,Total,53,386
2024,Deçan,Total,54,384
2024,Deçan,Total,55,353
2024,Deçan,Total,56,381
2024,Deçan,Total,57,384
2024,Deçan,Total,58,343
2024,Deçan,Total,59,359
2024,Deçan,Total,60,373
2024,Deçan,Total,61,290
2024,Deçan,Total,62,330
2024,Deçan,Total,63,267
2024,Deçan,Total,64,305
2024,Deçan,Total,65,252
2024,Deçan,Total,66,248
2024,Deçan,Total,67,271
2024,Deçan,Total,68,219
2024,Deçan,Total,69,296
2024,Deçan,Total,70,193
2024,Deçan,Total,71,233
2024,Deçan,Total,72,219
2024,Deçan,Total,73,167
2024,Deçan,Total,74,184
2024,Deçan,Total,75,160
2024,Deçan,Total,76,124
2024,Deçan,Total,77,128
2024,Deçan,Total,78,88
2024,Deçan,Total,79,113
2024,Deçan,Total,80,111
2024,Deçan,Total,81,109
2024,Deçan,Total,82,86
2024,Deçan,Total,83,76
2024,Deçan,Total,84,82
2024,Deçan,Total,85+,331
2024,Deçan,Total,Total,27775
2024,Gjakovë,Total,0,979
2024,Gjakovë,Total,1,970
2024,Gjakovë,Total,2,1004
2024,Gjakovë,Total,3,910
2024,Gjakovë,Total,4,986
2024,Gjakovë,Total,5,1021
2024,Gjakovë,Total,6,1075
2024,Gjakovë,Total,7,1049
2024,Gjakovë,Total,8,1069
2024,Gjakovë,Total,9,1044
2024,Gjakovë,Total,10,1114
2024,Gjakovë,Total,11,1105
2024,Gjakovë,Total,12,1112
2024,Gjakovë,Total,13,1185
2024,Gjakovë,Total,14,1106
2024,Gjakovë,Total,15,1156
2024,Gjakovë,Total,16,1224
2024,Gjakovë,Total,17,1166
2024,Gjakovë,Total,18,1190
2024,Gjakovë,Total,19,1249
2024,Gjakovë,Total,20,1230
2024,Gjakovë,Total,21,1348
2024,Gjakovë,Total,22,1379
2024,Gjakovë,Total,23,1488
2024,Gjakovë,Total,24,1190
2024,Gjakovë,Total,25,1181
2024,Gjakovë,Total,26,1117
2024,Gjakovë,Total,27,1172
2024,Gjakovë,Total,28,1079
2024,Gjakovë,Total,29,1123
2024,Gjakovë,Total,30,1082
2024,Gjakovë,Total,31,1059
2024,Gjakovë,Total,32,1036
2024,Gjakovë,Total,33,1012
2024,Gjakovë,Total,34,1030
2024,Gjakovë,Total,35,939
2024,Gjakovë,Total,36,956
2024,Gjakovë,Total,37,944
2024,Gjakovë,Total,38,900
2024,Gjakovë,Total,39,932
2024,Gjakovë,Total,40,904
2024,Gjakovë,Total,41,960
2024,Gjakovë,Total,42,946
2024,Gjakovë,Total,43,959
2024,Gjakovë,Total,44,945
2024,Gjakovë,Total,45,982
2024,Gjakovë,Total,46,976
2024,Gjakovë,Total,47,1071
2024,Gjakovë,Total,48,1138
2024,Gjakovë,Total,49,993
2024,Gjakovë,Total,50,1077
2024,Gjakovë,Total,51,1081
2024,Gjakovë,Total,52,1058
2024,Gjakovë,Total,53,1033
2024,Gjakovë,Total,54,1047
2024,Gjakovë,Total,55,1017
2024,Gjakovë,Total,56,1025
2024,Gjakovë,Total,57,1064
2024,Gjakovë,Total,58,959
2024,Gjakovë,Total,59,965
2024,Gjakovë,Total,60,1047
2024,Gjakovë,Total,61,864
2024,Gjakovë,Total,62,910
2024,Gjakovë,Total,63,804
2024,Gjakovë,Total,64,874
2024,Gjakovë,Total,65,832
2024,Gjakovë,Total,66,799
2024,Gjakovë,Total,67,822
2024,Gjakovë,Total,68,673
2024,Gjakovë,Total,69,661
2024,Gjakovë,Total,70,658
2024,Gjakovë,Total,71,614
2024,Gjakovë,Total,72,542
2024,Gjakovë,Total,73,541
2024,Gjakovë,Total,74,463
2024,Gjakovë,Total,75,451
2024,Gjakovë,Total,76,345
2024,Gjakovë,Total,77,362
2024,Gjakovë,Total,78,298
2024,Gjakovë,Total,79,316
2024,Gjakovë,Total,80,285
2024,Gjakovë,Total,81,255
2024,Gjakovë,Total,82,180
2024,Gjakovë,Total,83,188
2024,Gjakovë,Total,84,183
2024,Gjakovë,Total,85+,621
2024,Gjakovë,Total,Total,78699
2024,Gllogovc,Total,0,631
2024,Gllogovc,Total,1,733
2024,Gllogovc,Total,2,791
2024,Gllogovc,Total,3,675
2024,Gllogovc,Total,4,750
2024,Gllogovc,Total,5,752
2024,Gllogovc,Total,6,795
2024,Gllogovc,Total,7,787
2024,Gllogovc,Total,8,797
2024,Gllogovc,Total,9,869
2024,Gllogovc,Total,10,814
2024,Gllogovc,Total,11,846
2024,Gllogovc,Total,12,913
2024,Gllogovc,Total,13,807
2024,Gllogovc,Total,14,843
2024,Gllogovc,Total,15,860
2024,Gllogovc,Total,16,822
2024,Gllogovc,Total,17,760
2024,Gllogovc,Total,18,739
2024,Gllogovc,Total,19,778
2024,Gllogovc,Total,20,770
2024,Gllogovc,Total,21,794
2024,Gllogovc,Total,22,874
2024,Gllogovc,Total,23,1004
2024,Gllogovc,Total,24,654
2024,Gllogovc,Total,25,663
2024,Gllogovc,Total,26,659
2024,Gllogovc,Total,27,732
2024,Gllogovc,Total,28,677
2024,Gllogovc,Total,29,632
2024,Gllogovc,Total,30,611
2024,Gllogovc,Total,31,690
2024,Gllogovc,Total,32,665
2024,Gllogovc,Total,33,637
2024,Gllogovc,Total,34,672
2024,Gllogovc,Total,35,704
2024,Gllogovc,Total,36,676
2024,Gllogovc,Total,37,682
2024,Gllogovc,Total,38,629
2024,Gllogovc,Total,39,659
2024,Gllogovc,Total,40,606
2024,Gllogovc,Total,41,614
2024,Gllogovc,Total,42,644
2024,Gllogovc,Total,43,643
2024,Gllogovc,Total,44,650
2024,Gllogovc,Total,45,623
2024,Gllogovc,Total,46,613
2024,Gllogovc,Total,47,604
2024,Gllogovc,Total,48,658
2024,Gllogovc,Total,49,613
2024,Gllogovc,Total,50,557
2024,Gllogovc,Total,51,588
2024,Gllogovc,Total,52,560
2024,Gllogovc,Total,53,505
2024,Gllogovc,Total,54,561
2024,Gllogovc,Total,55,531
2024,Gllogovc,Total,56,497
2024,Gllogovc,Total,57,455
2024,Gllogovc,Total,58,495
2024,Gllogovc,Total,59,509
2024,Gllogovc,Total,60,413
2024,Gllogovc,Total,61,463
2024,Gllogovc,Total,62,431
2024,Gllogovc,Total,63,458
2024,Gllogovc,Total,64,376
2024,Gllogovc,Total,65,428
2024,Gllogovc,Total,66,305
2024,Gllogovc,Total,67,365
2024,Gllogovc,Total,68,330
2024,Gllogovc,Total,69,331
2024,Gllogovc,Total,70,280
2024,Gllogovc,Total,71,257
2024,Gllogovc,Total,72,229
2024,Gllogovc,Total,73,263
2024,Gllogovc,Total,74,235
2024,Gllogovc,Total,75,177
2024,Gllogovc,Total,76,185
2024,Gllogovc,Total,77,178
2024,Gllogovc,Total,78,139
2024,Gllogovc,Total,79,146
2024,Gllogovc,Total,80,117
2024,Gllogovc,Total,81,106
2024,Gllogovc,Total,82,83
2024,Gllogovc,Total,83,80
2024,Gllogovc,Total,84,57
2024,Gllogovc,Total,85+,275
2024,Gllogovc,Total,Total,48079
2024,Gjilan,Total,0,1039
2024,Gjilan,Total,1,1107
2024,Gjilan,Total,2,1087
2024,Gjilan,Total,3,993
2024,Gjilan,Total,4,1093
2024,Gjilan,Total,5,1112
2024,Gjilan,Total,6,1062
2024,Gjilan,Total,7,1098
2024,Gjilan,Total,8,1108
2024,Gjilan,Total,9,1149
2024,Gjilan,Total,10,1124
2024,Gjilan,Total,11,1123
2024,Gjilan,Total,12,1162
2024,Gjilan,Total,13,1081
2024,Gjilan,Total,14,1125
2024,Gjilan,Total,15,1107
2024,Gjilan,Total,16,1145
2024,Gjilan,Total,17,1168
2024,Gjilan,Total,18,1215
2024,Gjilan,Total,19,1296
2024,Gjilan,Total,20,1290
2024,Gjilan,Total,21,1365
2024,Gjilan,Total,22,1535
2024,Gjilan,Total,23,1747
2024,Gjilan,Total,24,1299
2024,Gjilan,Total,25,1266
2024,Gjilan,Total,26,1185
2024,Gjilan,Total,27,1297
2024,Gjilan,Total,28,1293
2024,Gjilan,Total,29,1304
2024,Gjilan,Total,30,1259
2024,Gjilan,Total,31,1290
2024,Gjilan,Total,32,1213
2024,Gjilan,Total,33,1186
2024,Gjilan,Total,34,1186
2024,Gjilan,Total,35,1109
2024,Gjilan,Total,36,1064
2024,Gjilan,Total,37,993
2024,Gjilan,Total,38,1073
2024,Gjilan,Total,39,954
2024,Gjilan,Total,40,975
2024,Gjilan,Total,41,987
2024,Gjilan,Total,42,1017
2024,Gjilan,Total,43,930
2024,Gjilan,Total,44,975
2024,Gjilan,Total,45,983
2024,Gjilan,Total,46,1013
2024,Gjilan,Total,47,1097
2024,Gjilan,Total,48,1113
2024,Gjilan,Total,49,1177
2024,Gjilan,Total,50,1081
2024,Gjilan,Total,51,1150
2024,Gjilan,Total,52,1160
2024,Gjilan,Total,53,1142
2024,Gjilan,Total,54,1334
2024,Gjilan,Total,55,1183
2024,Gjilan,Total,56,1167
2024,Gjilan,Total,57,1047
2024,Gjilan,Total,58,1108
2024,Gjilan,Total,59,1065
2024,Gjilan,Total,60,1077
2024,Gjilan,Total,61,883
2024,Gjilan,Total,62,953
2024,Gjilan,Total,63,994
2024,Gjilan,Total,64,787
2024,Gjilan,Total,65,838
2024,Gjilan,Total,66,692
2024,Gjilan,Total,67,716
2024,Gjilan,Total,68,643
2024,Gjilan,Total,69,672
2024,Gjilan,Total,70,590
2024,Gjilan,Total,71,586
2024,Gjilan,Total,72,415
2024,Gjilan,Total,73,465
2024,Gjilan,Total,74,447
2024,Gjilan,Total,75,399
2024,Gjilan,Total,76,361
2024,Gjilan,Total,77,328
2024,Gjilan,Total,78,309
2024,Gjilan,Total,79,310
2024,Gjilan,Total,80,277
2024,Gjilan,Total,81,206
2024,Gjilan,Total,82,204
2024,Gjilan,Total,83,192
2024,Gjilan,Total,84,150
2024,Gjilan,Total,85+,480
2024,Gjilan,Total,Total,82980
2024,Dragash,Total,0,294
2024,Dragash,Total,1,336
2024,Dragash,Total,2,320
2024,Dragash,Total,3,333
2024,Dragash,Total,4,338
2024,Dragash,Total,5,332
2024,Dragash,Total,6,338
2024,Dragash,Total,7,365
2024,Dragash,Total,8,323
2024,Dragash,Total,9,358
2024,Dragash,Total,10,400
2024,Dragash,Total,11,430
2024,Dragash,Total,12,373
2024,Dragash,Total,13,413
2024,Dragash,Total,14,384
2024,Dragash,Total,15,373
2024,Dragash,Total,16,404
2024,Dragash,Total,17,383
2024,Dragash,Total,18,416
2024,Dragash,Total,19,413
2024,Dragash,Total,20,409
2024,Dragash,Total,21,401
2024,Dragash,Total,22,437
2024,Dragash,Total,23,479
2024,Dragash,Total,24,376
2024,Dragash,Total,25,346
2024,Dragash,Total,26,367
2024,Dragash,Total,27,364
2024,Dragash,Total,28,382
2024,Dragash,Total,29,359
2024,Dragash,Total,30,372
2024,Dragash,Total,31,353
2024,Dragash,Total,32,368
2024,Dragash,Total,33,371
2024,Dragash,Total,34,358
2024,Dragash,Total,35,401
2024,Dragash,Total,36,361
2024,Dragash,Total,37,395
2024,Dragash,Total,38,367
2024,Dragash,Total,39,388
2024,Dragash,Total,40,382
2024,Dragash,Total,41,336
2024,Dragash,Total,42,379
2024,Dragash,Total,43,388
2024,Dragash,Total,44,370
2024,Dragash,Total,45,342
2024,Dragash,Total,46,403
2024,Dragash,Total,47,407
2024,Dragash,Total,48,418
2024,Dragash,Total,49,412
2024,Dragash,Total,50,426
2024,Dragash,Total,51,442
2024,Dragash,Total,52,416
2024,Dragash,Total,53,414
2024,Dragash,Total,54,375
2024,Dragash,Total,55,389
2024,Dragash,Total,56,391
2024,Dragash,Total,57,397
2024,Dragash,Total,58,414
2024,Dragash,Total,59,368
2024,Dragash,Total,60,407
2024,Dragash,Total,61,374
2024,Dragash,Total,62,401
2024,Dragash,Total,63,365
2024,Dragash,Total,64,337
2024,Dragash,Total,65,357
2024,Dragash,Total,66,318
2024,Dragash,Total,67,364
2024,Dragash,Total,68,308
2024,Dragash,Total,69,321
2024,Dragash,Total,70,275
2024,Dragash,Total,71,273
2024,Dragash,Total,72,234
2024,Dragash,Total,73,205
2024,Dragash,Total,74,167
2024,Dragash,Total,75,169
2024,Dragash,Total,76,163
2024,Dragash,Total,77,130
2024,Dragash,Total,78,99
2024,Dragash,Total,79,97
2024,Dragash,Total,80,96
2024,Dragash,Total,81,112
2024,Dragash,Total,82,88
2024,Dragash,Total,83,84
2024,Dragash,Total,84,68
2024,Dragash,Total,85+,235
2024,Dragash,Total,Total,28896
2024,Istog,Total,0,352
2024,Istog,Total,1,371
2024,Istog,Total,2,415
2024,Istog,Total,3,374
2024,Istog,Total,4,402
2024,Istog,Total,5,382
2024,Istog,Total,6,432
2024,Istog,Total,7,440
2024,Istog,Total,8,457
2024,Istog,Total,9,451
2024,Istog,Total,10,460
2024,Istog,Total,11,536
2024,Istog,Total,12,487
2024,Istog,Total,13,531
2024,Istog,Total,14,533
2024,Istog,Total,15,505
2024,Istog,Total,16,531
2024,Istog,Total,17,526
2024,Istog,Total,18,511
2024,Istog,Total,19,546
2024,Istog,Total,20,533
2024,Istog,Total,21,572
2024,Istog,Total,22,568
2024,Istog,Total,23,684
2024,Istog,Total,24,511
2024,Istog,Total,25,490
2024,Istog,Total,26,497
2024,Istog,Total,27,491
2024,Istog,Total,28,478
2024,Istog,Total,29,447
2024,Istog,Total,30,414
2024,Istog,Total,31,413
2024,Istog,Total,32,405
2024,Istog,Total,33,384
2024,Istog,Total,34,398
2024,Istog,Total,35,355
2024,Istog,Total,36,379
2024,Istog,Total,37,373
2024,Istog,Total,38,370
2024,Istog,Total,39,379
2024,Istog,Total,40,383
2024,Istog,Total,41,390
2024,Istog,Total,42,420
2024,Istog,Total,43,425
2024,Istog,Total,44,412
2024,Istog,Total,45,452
2024,Istog,Total,46,417
2024,Istog,Total,47,474
2024,Istog,Total,48,484
2024,Istog,Total,49,507
2024,Istog,Total,50,459
2024,Istog,Total,51,471
2024,Istog,Total,52,442
2024,Istog,Total,53,444
2024,Istog,Total,54,439
2024,Istog,Total,55,390
2024,Istog,Total,56,424
2024,Istog,Total,57,430
2024,Istog,Total,58,416
2024,Istog,Total,59,326
2024,Istog,Total,60,415
2024,Istog,Total,61,364
2024,Istog,Total,62,388
2024,Istog,Total,63,382
2024,Istog,Total,64,314
2024,Istog,Total,65,357
2024,Istog,Total,66,310
2024,Istog,Total,67,295
2024,Istog,Total,68,291
2024,Istog,Total,69,295
2024,Istog,Total,70,248
2024,Istog,Total,71,241
2024,Istog,Total,72,237
2024,Istog,Total,73,218
2024,Istog,Total,74,209
2024,Istog,Total,75,197
2024,Istog,Total,76,181
2024,Istog,Total,77,155
2024,Istog,Total,78,110
2024,Istog,Total,79,131
2024,Istog,Total,80,101
2024,Istog,Total,81,90
2024,Istog,Total,82,75
2024,Istog,Total,83,70
2024,Istog,Total,84,74
2024,Istog,Total,85+,272
2024,Istog,Total,Total,33008
2024,Kaçanik,Total,0,368
2024,Kaçanik,Total,1,396
2024,Kaçanik,Total,2,401
2024,Kaçanik,Total,3,387
2024,Kaçanik,Total,4,385
2024,Kaçanik,Total,5,428
2024,Kaçanik,Total,6,397
2024,Kaçanik,Total,7,480
2024,Kaçanik,Total,8,434
2024,Kaçanik,Total,9,462
2024,Kaçanik,Total,10,455
2024,Kaçanik,Total,11,464
2024,Kaçanik,Total,12,482
2024,Kaçanik,Total,13,466
2024,Kaçanik,Total,14,442
2024,Kaçanik,Total,15,464
2024,Kaçanik,Total,16,434
2024,Kaçanik,Total,17,456
2024,Kaçanik,Total,18,433
2024,Kaçanik,Total,19,464
2024,Kaçanik,Total,20,470
2024,Kaçanik,Total,21,476
2024,Kaçanik,Total,22,511
2024,Kaçanik,Total,23,585
2024,Kaçanik,Total,24,407
2024,Kaçanik,Total,25,353
2024,Kaçanik,Total,26,398
2024,Kaçanik,Total,27,384
2024,Kaçanik,Total,28,410
2024,Kaçanik,Total,29,403
2024,Kaçanik,Total,30,370
2024,Kaçanik,Total,31,374
2024,Kaçanik,Total,32,407
2024,Kaçanik,Total,33,362
2024,Kaçanik,Total,34,368
2024,Kaçanik,Total,35,344
2024,Kaçanik,Total,36,351
2024,Kaçanik,Total,37,377
2024,Kaçanik,Total,38,373
2024,Kaçanik,Total,39,323
2024,Kaçanik,Total,40,334
2024,Kaçanik,Total,41,352
2024,Kaçanik,Total,42,344
2024,Kaçanik,Total,43,364
2024,Kaçanik,Total,44,328
2024,Kaçanik,Total,45,363
2024,Kaçanik,Total,46,343
2024,Kaçanik,Total,47,362
2024,Kaçanik,Total,48,383
2024,Kaçanik,Total,49,357
2024,Kaçanik,Total,50,357
2024,Kaçanik,Total,51,357
2024,Kaçanik,Total,52,366
2024,Kaçanik,Total,53,329
2024,Kaçanik,Total,54,370
2024,Kaçanik,Total,55,311
2024,Kaçanik,Total,56,346
2024,Kaçanik,Total,57,330
2024,Kaçanik,Total,58,313
2024,Kaçanik,Total,59,337
2024,Kaçanik,Total,60,289
2024,Kaçanik,Total,61,298
2024,Kaçanik,Total,62,270
2024,Kaçanik,Total,63,270
2024,Kaçanik,Total,64,243
2024,Kaçanik,Total,65,258
2024,Kaçanik,Total,66,206
2024,Kaçanik,Total,67,225
2024,Kaçanik,Total,68,179
2024,Kaçanik,Total,69,189
2024,Kaçanik,Total,70,173
2024,Kaçanik,Total,71,161
2024,Kaçanik,Total,72,130
2024,Kaçanik,Total,73,137
2024,Kaçanik,Total,74,119
2024,Kaçanik,Total,75,115
2024,Kaçanik,Total,76,101
2024,Kaçanik,Total,77,111
2024,Kaçanik,Total,78,76
2024,Kaçanik,Total,79,95
2024,Kaçanik,Total,80,87
2024,Kaçanik,Total,81,63
2024,Kaçanik,Total,82,52
2024,Kaçanik,Total,83,44
2024,Kaçanik,Total,84,35
2024,Kaçanik,Total,85+,100
2024,Kaçanik,Total,Total,27716
2024,Klinë,Total,0,360
2024,Klinë,Total,1,396
2024,Klinë,Total,2,405
2024,Klinë,Total,3,392
2024,Klinë,Total,4,407
2024,Klinë,Total,5,410
2024,Klinë,Total,6,458
2024,Klinë,Total,7,441
2024,Klinë,Total,8,450
2024,Klinë,Total,9,517
2024,Klinë,Total,10,516
2024,Klinë,Total,11,473
2024,Klinë,Total,12,535
2024,Klinë,Total,13,546
2024,Klinë,Total,14,489
2024,Klinë,Total,15,543
2024,Klinë,Total,16,554
2024,Klinë,Total,17,507
2024,Klinë,Total,18,488
2024,Klinë,Total,19,488
2024,Klinë,Total,20,466
2024,Klinë,Total,21,521
2024,Klinë,Total,22,517
2024,Klinë,Total,23,628
2024,Klinë,Total,24,441
2024,Klinë,Total,25,374
2024,Klinë,Total,26,438
2024,Klinë,Total,27,447
2024,Klinë,Total,28,384
2024,Klinë,Total,29,404
2024,Klinë,Total,30,363
2024,Klinë,Total,31,394
2024,Klinë,Total,32,387
2024,Klinë,Total,33,395
2024,Klinë,Total,34,350
2024,Klinë,Total,35,355
2024,Klinë,Total,36,369
2024,Klinë,Total,37,342
2024,Klinë,Total,38,351
2024,Klinë,Total,39,330
2024,Klinë,Total,40,413
2024,Klinë,Total,41,379
2024,Klinë,Total,42,342
2024,Klinë,Total,43,407
2024,Klinë,Total,44,363
2024,Klinë,Total,45,390
2024,Klinë,Total,46,404
2024,Klinë,Total,47,422
2024,Klinë,Total,48,378
2024,Klinë,Total,49,422
2024,Klinë,Total,50,428
2024,Klinë,Total,51,391
2024,Klinë,Total,52,432
2024,Klinë,Total,53,370
2024,Klinë,Total,54,383
2024,Klinë,Total,55,345
2024,Klinë,Total,56,359
2024,Klinë,Total,57,323
2024,Klinë,Total,58,347
2024,Klinë,Total,59,327
2024,Klinë,Total,60,371
2024,Klinë,Total,61,293
2024,Klinë,Total,62,318
2024,Klinë,Total,63,332
2024,Klinë,Total,64,301
2024,Klinë,Total,65,295
2024,Klinë,Total,66,265
2024,Klinë,Total,67,247
2024,Klinë,Total,68,277
2024,Klinë,Total,69,250
2024,Klinë,Total,70,208
2024,Klinë,Total,71,207
2024,Klinë,Total,72,187
2024,Klinë,Total,73,194
2024,Klinë,Total,74,176
2024,Klinë,Total,75,139
2024,Klinë,Total,76,143
2024,Klinë,Total,77,137
2024,Klinë,Total,78,123
2024,Klinë,Total,79,120
2024,Klinë,Total,80,116
2024,Klinë,Total,81,99
2024,Klinë,Total,82,76
2024,Klinë,Total,83,68
2024,Klinë,Total,84,58
2024,Klinë,Total,85+,247
2024,Klinë,Total,Total,30503
2024,Fushë Kosovë,Total,0,1117
2024,Fushë Kosovë,Total,1,1182
2024,Fushë Kosovë,Total,2,1191
2024,Fushë Kosovë,Total,3,1113
2024,Fushë Kosovë,Total,4,1138
2024,Fushë Kosovë,Total,5,1185
2024,Fushë Kosovë,Total,6,1150
2024,Fushë Kosovë,Total,7,1159
2024,Fushë Kosovë,Total,8,1094
2024,Fushë Kosovë,Total,9,1101
2024,Fushë Kosovë,Total,10,1048
2024,Fushë Kosovë,Total,11,1064
2024,Fushë Kosovë,Total,12,1065
2024,Fushë Kosovë,Total,13,972
2024,Fushë Kosovë,Total,14,931
2024,Fushë Kosovë,Total,15,940
2024,Fushë Kosovë,Total,16,836
2024,Fushë Kosovë,Total,17,903
2024,Fushë Kosovë,Total,18,891
2024,Fushë Kosovë,Total,19,968
2024,Fushë Kosovë,Total,20,963
2024,Fushë Kosovë,Total,21,967
2024,Fushë Kosovë,Total,22,999
2024,Fushë Kosovë,Total,23,1170
2024,Fushë Kosovë,Total,24,1030
2024,Fushë Kosovë,Total,25,888
2024,Fushë Kosovë,Total,26,964
2024,Fushë Kosovë,Total,27,964
2024,Fushë Kosovë,Total,28,948
2024,Fushë Kosovë,Total,29,967
2024,Fushë Kosovë,Total,30,1072
2024,Fushë Kosovë,Total,31,1100
2024,Fushë Kosovë,Total,32,1132
2024,Fushë Kosovë,Total,33,1028
2024,Fushë Kosovë,Total,34,1120
2024,Fushë Kosovë,Total,35,1007
2024,Fushë Kosovë,Total,36,1085
2024,Fushë Kosovë,Total,37,1069
2024,Fushë Kosovë,Total,38,979
2024,Fushë Kosovë,Total,39,990
2024,Fushë Kosovë,Total,40,981
2024,Fushë Kosovë,Total,41,1006
2024,Fushë Kosovë,Total,42,924
2024,Fushë Kosovë,Total,43,897
2024,Fushë Kosovë,Total,44,882
2024,Fushë Kosovë,Total,45,823
2024,Fushë Kosovë,Total,46,794
2024,Fushë Kosovë,Total,47,771
2024,Fushë Kosovë,Total,48,840
2024,Fushë Kosovë,Total,49,765
2024,Fushë Kosovë,Total,50,691
2024,Fushë Kosovë,Total,51,711
2024,Fushë Kosovë,Total,52,682
2024,Fushë Kosovë,Total,53,634
2024,Fushë Kosovë,Total,54,651
2024,Fushë Kosovë,Total,55,631
2024,Fushë Kosovë,Total,56,640
2024,Fushë Kosovë,Total,57,580
2024,Fushë Kosovë,Total,58,562
2024,Fushë Kosovë,Total,59,571
2024,Fushë Kosovë,Total,60,551
2024,Fushë Kosovë,Total,61,493
2024,Fushë Kosovë,Total,62,531
2024,Fushë Kosovë,Total,63,477
2024,Fushë Kosovë,Total,64,456
2024,Fushë Kosovë,Total,65,493
2024,Fushë Kosovë,Total,66,355
2024,Fushë Kosovë,Total,67,405
2024,Fushë Kosovë,Total,68,363
2024,Fushë Kosovë,Total,69,427
2024,Fushë Kosovë,Total,70,304
2024,Fushë Kosovë,Total,71,306
2024,Fushë Kosovë,Total,72,243
2024,Fushë Kosovë,Total,73,261
2024,Fushë Kosovë,Total,74,228
2024,Fushë Kosovë,Total,75,213
2024,Fushë Kosovë,Total,76,204
2024,Fushë Kosovë,Total,77,147
2024,Fushë Kosovë,Total,78,127
2024,Fushë Kosovë,Total,79,139
2024,Fushë Kosovë,Total,80,121
2024,Fushë Kosovë,Total,81,111
2024,Fushë Kosovë,Total,82,88
2024,Fushë Kosovë,Total,83,67
2024,Fushë Kosovë,Total,84,74
2024,Fushë Kosovë,Total,85+,239
2024,Fushë Kosovë,Total,Total,63949
2024,Kamenicë,Total,0,218
2024,Kamenicë,Total,1,213
2024,Kamenicë,Total,2,263
2024,Kamenicë,Total,3,224
2024,Kamenicë,Total,4,225
2024,Kamenicë,Total,5,246
2024,Kamenicë,Total,6,242
2024,Kamenicë,Total,7,253
2024,Kamenicë,Total,8,246
2024,Kamenicë,Total,9,271
2024,Kamenicë,Total,10,246
2024,Kamenicë,Total,11,276
2024,Kamenicë,Total,12,269
2024,Kamenicë,Total,13,245
2024,Kamenicë,Total,14,294
2024,Kamenicë,Total,15,293
2024,Kamenicë,Total,16,324
2024,Kamenicë,Total,17,253
2024,Kamenicë,Total,18,321
2024,Kamenicë,Total,19,324
2024,Kamenicë,Total,20,355
2024,Kamenicë,Total,21,376
2024,Kamenicë,Total,22,376
2024,Kamenicë,Total,23,460
2024,Kamenicë,Total,24,334
2024,Kamenicë,Total,25,324
2024,Kamenicë,Total,26,370
2024,Kamenicë,Total,27,329
2024,Kamenicë,Total,28,319
2024,Kamenicë,Total,29,303
2024,Kamenicë,Total,30,309
2024,Kamenicë,Total,31,313
2024,Kamenicë,Total,32,338
2024,Kamenicë,Total,33,324
2024,Kamenicë,Total,34,250
2024,Kamenicë,Total,35,268
2024,Kamenicë,Total,36,266
2024,Kamenicë,Total,37,261
2024,Kamenicë,Total,38,244
2024,Kamenicë,Total,39,247
2024,Kamenicë,Total,40,241
2024,Kamenicë,Total,41,245
2024,Kamenicë,Total,42,229
2024,Kamenicë,Total,43,271
2024,Kamenicë,Total,44,261
2024,Kamenicë,Total,45,282
2024,Kamenicë,Total,46,310
2024,Kamenicë,Total,47,302
2024,Kamenicë,Total,48,335
2024,Kamenicë,Total,49,299
2024,Kamenicë,Total,50,323
2024,Kamenicë,Total,51,328
2024,Kamenicë,Total,52,350
2024,Kamenicë,Total,53,326
2024,Kamenicë,Total,54,355
2024,Kamenicë,Total,55,396
2024,Kamenicë,Total,56,327
2024,Kamenicë,Total,57,349
2024,Kamenicë,Total,58,400
2024,Kamenicë,Total,59,317
2024,Kamenicë,Total,60,327
2024,Kamenicë,Total,61,309
2024,Kamenicë,Total,62,311
2024,Kamenicë,Total,63,330
2024,Kamenicë,Total,64,276
2024,Kamenicë,Total,65,294
2024,Kamenicë,Total,66,267
2024,Kamenicë,Total,67,242
2024,Kamenicë,Total,68,228
2024,Kamenicë,Total,69,269
2024,Kamenicë,Total,70,213
2024,Kamenicë,Total,71,217
2024,Kamenicë,Total,72,134
2024,Kamenicë,Total,73,193
2024,Kamenicë,Total,74,171
2024,Kamenicë,Total,75,153
2024,Kamenicë,Total,76,146
2024,Kamenicë,Total,77,117
2024,Kamenicë,Total,78,69
2024,Kamenicë,Total,79,103
2024,Kamenicë,Total,80,102
2024,Kamenicë,Total,81,106
2024,Kamenicë,Total,82,68
2024,Kamenicë,Total,83,80
2024,Kamenicë,Total,84,59
2024,Kamenicë,Total,85+,226
2024,Kamenicë,Total,Total,22868
2024,Mitrovicë,Total,0,784
2024,Mitrovicë,Total,1,830
2024,Mitrovicë,Total,2,869
2024,Mitrovicë,Total,3,850
2024,Mitrovicë,Total,4,903
2024,Mitrovicë,Total,5,911
2024,Mitrovicë,Total,6,952
2024,Mitrovicë,Total,7,972
2024,Mitrovicë,Total,8,999
2024,Mitrovicë,Total,9,1095
2024,Mitrovicë,Total,10,1115
2024,Mitrovicë,Total,11,1059
2024,Mitrovicë,Total,12,1055
2024,Mitrovicë,Total,13,1126
2024,Mitrovicë,Total,14,1051
2024,Mitrovicë,Total,15,1054
2024,Mitrovicë,Total,16,1036
2024,Mitrovicë,Total,17,1073
2024,Mitrovicë,Total,18,1102
2024,Mitrovicë,Total,19,1077
2024,Mitrovicë,Total,20,1034
2024,Mitrovicë,Total,21,1045
2024,Mitrovicë,Total,22,1211
2024,Mitrovicë,Total,23,1383
2024,Mitrovicë,Total,24,957
2024,Mitrovicë,Total,25,908
2024,Mitrovicë,Total,26,882
2024,Mitrovicë,Total,27,942
2024,Mitrovicë,Total,28,835
2024,Mitrovicë,Total,29,793
2024,Mitrovicë,Total,30,807
2024,Mitrovicë,Total,31,779
2024,Mitrovicë,Total,32,816
2024,Mitrovicë,Total,33,771
2024,Mitrovicë,Total,34,855
2024,Mitrovicë,Total,35,824
2024,Mitrovicë,Total,36,856
2024,Mitrovicë,Total,37,805
2024,Mitrovicë,Total,38,816
2024,Mitrovicë,Total,39,857
2024,Mitrovicë,Total,40,847
2024,Mitrovicë,Total,41,857
2024,Mitrovicë,Total,42,873
2024,Mitrovicë,Total,43,838
2024,Mitrovicë,Total,44,880
2024,Mitrovicë,Total,45,849
2024,Mitrovicë,Total,46,906
2024,Mitrovicë,Total,47,867
2024,Mitrovicë,Total,48,871
2024,Mitrovicë,Total,49,870
2024,Mitrovicë,Total,50,785
2024,Mitrovicë,Total,51,762
2024,Mitrovicë,Total,52,813
2024,Mitrovicë,Total,53,713
2024,Mitrovicë,Total,54,806
2024,Mitrovicë,Total,55,699
2024,Mitrovicë,Total,56,737
2024,Mitrovicë,Total,57,680
2024,Mitrovicë,Total,58,685
2024,Mitrovicë,Total,59,733
2024,Mitrovicë,Total,60,648
2024,Mitrovicë,Total,61,613
2024,Mitrovicë,Total,62,672
2024,Mitrovicë,Total,63,649
2024,Mitrovicë,Total,64,613
2024,Mitrovicë,Total,65,643
2024,Mitrovicë,Total,66,572
2024,Mitrovicë,Total,67,584
2024,Mitrovicë,Total,68,518
2024,Mitrovicë,Total,69,554
2024,Mitrovicë,Total,70,507
2024,Mitrovicë,Total,71,474
2024,Mitrovicë,Total,72,361
2024,Mitrovicë,Total,73,381
2024,Mitrovicë,Total,74,355
2024,Mitrovicë,Total,75,302
2024,Mitrovicë,Total,76,323
2024,Mitrovicë,Total,77,255
2024,Mitrovicë,Total,78,250
2024,Mitrovicë,Total,79,229
2024,Mitrovicë,Total,80,212
2024,Mitrovicë,Total,81,161
2024,Mitrovicë,Total,82,131
2024,Mitrovicë,Total,83,141
2024,Mitrovicë,Total,84,86
2024,Mitrovicë,Total,85+,348
2024,Mitrovicë,Total,Total,64742
2024,Leposaviq,Total,0,72
2024,Leposaviq,Total,1,57
2024,Leposaviq,Total,2,52
2024,Leposaviq,Total,3,56
2024,Leposaviq,Total,4,66
2024,Leposaviq,Total,5,76
2024,Leposaviq,Total,6,56
2024,Leposaviq,Total,7,52
2024,Leposaviq,Total,8,54
2024,Leposaviq,Total,9,70
2024,Leposaviq,Total,10,77
2024,Leposaviq,Total,11,95
2024,Leposaviq,Total,12,91
2024,Leposaviq,Total,13,92
2024,Leposaviq,Total,14,84
2024,Leposaviq,Total,15,80
2024,Leposaviq,Total,16,107
2024,Leposaviq,Total,17,105
2024,Leposaviq,Total,18,102
2024,Leposaviq,Total,19,113
2024,Leposaviq,Total,20,106
2024,Leposaviq,Total,21,102
2024,Leposaviq,Total,22,97
2024,Leposaviq,Total,23,97
2024,Leposaviq,Total,24,91
2024,Leposaviq,Total,25,97
2024,Leposaviq,Total,26,94
2024,Leposaviq,Total,27,94
2024,Leposaviq,Total,28,86
2024,Leposaviq,Total,29,104
2024,Leposaviq,Total,30,110
2024,Leposaviq,Total,31,98
2024,Leposaviq,Total,32,104
2024,Leposaviq,Total,33,125
2024,Leposaviq,Total,34,118
2024,Leposaviq,Total,35,116
2024,Leposaviq,Total,36,123
2024,Leposaviq,Total,37,143
2024,Leposaviq,Total,38,149
2024,Leposaviq,Total,39,150
2024,Leposaviq,Total,40,153
2024,Leposaviq,Total,41,147
2024,Leposaviq,Total,42,119
2024,Leposaviq,Total,43,134
2024,Leposaviq,Total,44,152
2024,Leposaviq,Total,45,128
2024,Leposaviq,Total,46,126
2024,Leposaviq,Total,47,149
2024,Leposaviq,Total,48,156
2024,Leposaviq,Total,49,158
2024,Leposaviq,Total,50,138
2024,Leposaviq,Total,51,121
2024,Leposaviq,Total,52,131
2024,Leposaviq,Total,53,136
2024,Leposaviq,Total,54,135
2024,Leposaviq,Total,55,123
2024,Leposaviq,Total,56,123
2024,Leposaviq,Total,57,116
2024,Leposaviq,Total,58,117
2024,Leposaviq,Total,59,125
2024,Leposaviq,Total,60,145
2024,Leposaviq,Total,61,136
2024,Leposaviq,Total,62,155
2024,Leposaviq,Total,63,183
2024,Leposaviq,Total,64,197
2024,Leposaviq,Total,65,167
2024,Leposaviq,Total,66,149
2024,Leposaviq,Total,67,152
2024,Leposaviq,Total,68,156
2024,Leposaviq,Total,69,155
2024,Leposaviq,Total,70,162
2024,Leposaviq,Total,71,142
2024,Leposaviq,Total,72,124
2024,Leposaviq,Total,73,145
2024,Leposaviq,Total,74,127
2024,Leposaviq,Total,75,108
2024,Leposaviq,Total,76,92
2024,Leposaviq,Total,77,88
2024,Leposaviq,Total,78,59
2024,Leposaviq,Total,79,42
2024,Leposaviq,Total,80,40
2024,Leposaviq,Total,81,42
2024,Leposaviq,Total,82,41
2024,Leposaviq,Total,83,52
2024,Leposaviq,Total,84,62
2024,Leposaviq,Total,85+,116
2024,Leposaviq,Total,Total,9485
2024,Lipjan,Total,0,777
2024,Lipjan,Total,1,802
2024,Lipjan,Total,2,877
2024,Lipjan,Total,3,755
2024,Lipjan,Total,4,888
2024,Lipjan,Total,5,858
2024,Lipjan,Total,6,881
2024,Lipjan,Total,7,888
2024,Lipjan,Total,8,870
2024,Lipjan,Total,9,971
2024,Lipjan,Total,10,961
2024,Lipjan,Total,11,949
2024,Lipjan,Total,12,972
2024,Lipjan,Total,13,894
2024,Lipjan,Total,14,897
2024,Lipjan,Total,15,913
2024,Lipjan,Total,16,916
2024,Lipjan,Total,17,891
2024,Lipjan,Total,18,972
2024,Lipjan,Total,19,965
2024,Lipjan,Total,20,928
2024,Lipjan,Total,21,947
2024,Lipjan,Total,22,1062
2024,Lipjan,Total,23,1192
2024,Lipjan,Total,24,884
2024,Lipjan,Total,25,801
2024,Lipjan,Total,26,746
2024,Lipjan,Total,27,772
2024,Lipjan,Total,28,794
2024,Lipjan,Total,29,701
2024,Lipjan,Total,30,702
2024,Lipjan,Total,31,815
2024,Lipjan,Total,32,740
2024,Lipjan,Total,33,779
2024,Lipjan,Total,34,711
2024,Lipjan,Total,35,727
2024,Lipjan,Total,36,715
2024,Lipjan,Total,37,690
2024,Lipjan,Total,38,741
2024,Lipjan,Total,39,652
2024,Lipjan,Total,40,693
2024,Lipjan,Total,41,680
2024,Lipjan,Total,42,720
2024,Lipjan,Total,43,701
2024,Lipjan,Total,44,677
2024,Lipjan,Total,45,683
2024,Lipjan,Total,46,719
2024,Lipjan,Total,47,676
2024,Lipjan,Total,48,705
2024,Lipjan,Total,49,716
2024,Lipjan,Total,50,682
2024,Lipjan,Total,51,695
2024,Lipjan,Total,52,672
2024,Lipjan,Total,53,626
2024,Lipjan,Total,54,674
2024,Lipjan,Total,55,579
2024,Lipjan,Total,56,612
2024,Lipjan,Total,57,633
2024,Lipjan,Total,58,581
2024,Lipjan,Total,59,589
2024,Lipjan,Total,60,521
2024,Lipjan,Total,61,528
2024,Lipjan,Total,62,488
2024,Lipjan,Total,63,531
2024,Lipjan,Total,64,465
2024,Lipjan,Total,65,459
2024,Lipjan,Total,66,382
2024,Lipjan,Total,67,377
2024,Lipjan,Total,68,383
2024,Lipjan,Total,69,371
2024,Lipjan,Total,70,334
2024,Lipjan,Total,71,329
2024,Lipjan,Total,72,247
2024,Lipjan,Total,73,292
2024,Lipjan,Total,74,282
2024,Lipjan,Total,75,217
2024,Lipjan,Total,76,233
2024,Lipjan,Total,77,207
2024,Lipjan,Total,78,126
2024,Lipjan,Total,79,168
2024,Lipjan,Total,80,142
2024,Lipjan,Total,81,115
2024,Lipjan,Total,82,91
2024,Lipjan,Total,83,94
2024,Lipjan,Total,84,86
2024,Lipjan,Total,85+,267
2024,Lipjan,Total,Total,55044
2024,Novobërdë,Total,0,49
2024,Novobërdë,Total,1,55
2024,Novobërdë,Total,2,52
2024,Novobërdë,Total,3,57
2024,Novobërdë,Total,4,73
2024,Novobërdë,Total,5,80
2024,Novobërdë,Total,6,75
2024,Novobërdë,Total,7,70
2024,Novobërdë,Total,8,87
2024,Novobërdë,Total,9,79
2024,Novobërdë,Total,10,79
2024,Novobërdë,Total,11,82
2024,Novobërdë,Total,12,70
2024,Novobërdë,Total,13,82
2024,Novobërdë,Total,14,77
2024,Novobërdë,Total,15,65
2024,Novobërdë,Total,16,75
2024,Novobërdë,Total,17,67
2024,Novobërdë,Total,18,74
2024,Novobërdë,Total,19,65
2024,Novobërdë,Total,20,62
2024,Novobërdë,Total,21,87
2024,Novobërdë,Total,22,63
2024,Novobërdë,Total,23,84
2024,Novobërdë,Total,24,65
2024,Novobërdë,Total,25,61
2024,Novobërdë,Total,26,61
2024,Novobërdë,Total,27,41
2024,Novobërdë,Total,28,49
2024,Novobërdë,Total,29,56
2024,Novobërdë,Total,30,54
2024,Novobërdë,Total,31,60
2024,Novobërdë,Total,32,49
2024,Novobërdë,Total,33,63
2024,Novobërdë,Total,34,75
2024,Novobërdë,Total,35,63
2024,Novobërdë,Total,36,66
2024,Novobërdë,Total,37,68
2024,Novobërdë,Total,38,60
2024,Novobërdë,Total,39,60
2024,Novobërdë,Total,40,67
2024,Novobërdë,Total,41,50
2024,Novobërdë,Total,42,61
2024,Novobërdë,Total,43,60
2024,Novobërdë,Total,44,64
2024,Novobërdë,Total,45,71
2024,Novobërdë,Total,46,46
2024,Novobërdë,Total,47,56
2024,Novobërdë,Total,48,59
2024,Novobërdë,Total,49,60
2024,Novobërdë,Total,50,61
2024,Novobërdë,Total,51,54
2024,Novobërdë,Total,52,53
2024,Novobërdë,Total,53,55
2024,Novobërdë,Total,54,56
2024,Novobërdë,Total,55,52
2024,Novobërdë,Total,56,54
2024,Novobërdë,Total,57,50
2024,Novobërdë,Total,58,47
2024,Novobërdë,Total,59,41
2024,Novobërdë,Total,60,55
2024,Novobërdë,Total,61,45
2024,Novobërdë,Total,62,51
2024,Novobërdë,Total,63,42
2024,Novobërdë,Total,64,54
2024,Novobërdë,Total,65,44
2024,Novobërdë,Total,66,42
2024,Novobërdë,Total,67,46
2024,Novobërdë,Total,68,25
2024,Novobërdë,Total,69,28
2024,Novobërdë,Total,70,34
2024,Novobërdë,Total,71,30
2024,Novobërdë,Total,72,19
2024,Novobërdë,Total,73,21
2024,Novobërdë,Total,74,31
2024,Novobërdë,Total,75,17
2024,Novobërdë,Total,76,18
2024,Novobërdë,Total,77,18
2024,Novobërdë,Total,78,17
2024,Novobërdë,Total,79,17
2024,Novobërdë,Total,80,11
2024,Novobërdë,Total,81,12
2024,Novobërdë,Total,82,8
2024,Novobërdë,Total,83,6
2024,Novobërdë,Total,84,5
2024,Novobërdë,Total,85+,20
2024,Novobërdë,Total,Total,4493
2024,Obiliq,Total,0,322
2024,Obiliq,Total,1,344
2024,Obiliq,Total,2,335
2024,Obiliq,Total,3,341
2024,Obiliq,Total,4,312
2024,Obiliq,Total,5,394
2024,Obiliq,Total,6,337
2024,Obiliq,Total,7,365
2024,Obiliq,Total,8,377
2024,Obiliq,Total,9,364
2024,Obiliq,Total,10,398
2024,Obiliq,Total,11,386
2024,Obiliq,Total,12,403
2024,Obiliq,Total,13,369
2024,Obiliq,Total,14,401
2024,Obiliq,Total,15,394
2024,Obiliq,Total,16,407
2024,Obiliq,Total,17,373
2024,Obiliq,Total,18,372
2024,Obiliq,Total,19,390
2024,Obiliq,Total,20,380
2024,Obiliq,Total,21,408
2024,Obiliq,Total,22,420
2024,Obiliq,Total,23,462
2024,Obiliq,Total,24,368
2024,Obiliq,Total,25,344
2024,Obiliq,Total,26,325
2024,Obiliq,Total,27,324
2024,Obiliq,Total,28,283
2024,Obiliq,Total,29,306
2024,Obiliq,Total,30,305
2024,Obiliq,Total,31,296
2024,Obiliq,Total,32,312
2024,Obiliq,Total,33,304
2024,Obiliq,Total,34,287
2024,Obiliq,Total,35,325
2024,Obiliq,Total,36,324
2024,Obiliq,Total,37,300
2024,Obiliq,Total,38,313
2024,Obiliq,Total,39,296
2024,Obiliq,Total,40,295
2024,Obiliq,Total,41,343
2024,Obiliq,Total,42,275
2024,Obiliq,Total,43,302
2024,Obiliq,Total,44,321
2024,Obiliq,Total,45,295
2024,Obiliq,Total,46,271
2024,Obiliq,Total,47,269
2024,Obiliq,Total,48,291
2024,Obiliq,Total,49,287
2024,Obiliq,Total,50,299
2024,Obiliq,Total,51,283
2024,Obiliq,Total,52,252
2024,Obiliq,Total,53,263
2024,Obiliq,Total,54,239
2024,Obiliq,Total,55,241
2024,Obiliq,Total,56,251
2024,Obiliq,Total,57,217
2024,Obiliq,Total,58,246
2024,Obiliq,Total,59,233
2024,Obiliq,Total,60,259
2024,Obiliq,Total,61,212
2024,Obiliq,Total,62,196
2024,Obiliq,Total,63,226
2024,Obiliq,Total,64,192
2024,Obiliq,Total,65,187
2024,Obiliq,Total,66,164
2024,Obiliq,Total,67,151
2024,Obiliq,Total,68,175
2024,Obiliq,Total,69,171
2024,Obiliq,Total,70,132
2024,Obiliq,Total,71,141
2024,Obiliq,Total,72,107
2024,Obiliq,Total,73,131
2024,Obiliq,Total,74,112
2024,Obiliq,Total,75,80
2024,Obiliq,Total,76,112
2024,Obiliq,Total,77,67
2024,Obiliq,Total,78,80
2024,Obiliq,Total,79,61
2024,Obiliq,Total,80,66
2024,Obiliq,Total,81,44
2024,Obiliq,Total,82,39
2024,Obiliq,Total,83,45
2024,Obiliq,Total,84,23
2024,Obiliq,Total,85+,103
2024,Obiliq,Total,Total,22815
2024,Rahovec,Total,0,569
2024,Rahovec,Total,1,627
2024,Rahovec,Total,2,541
2024,Rahovec,Total,3,559
2024,Rahovec,Total,4,554
2024,Rahovec,Total,5,592
2024,Rahovec,Total,6,586
2024,Rahovec,Total,7,597
2024,Rahovec,Total,8,602
2024,Rahovec,Total,9,641
2024,Rahovec,Total,10,608
2024,Rahovec,Total,11,636
2024,Rahovec,Total,12,674
2024,Rahovec,Total,13,664
2024,Rahovec,Total,14,625
2024,Rahovec,Total,15,653
2024,Rahovec,Total,16,692
2024,Rahovec,Total,17,653
2024,Rahovec,Total,18,648
2024,Rahovec,Total,19,628
2024,Rahovec,Total,20,608
2024,Rahovec,Total,21,707
2024,Rahovec,Total,22,685
2024,Rahovec,Total,23,879
2024,Rahovec,Total,24,607
2024,Rahovec,Total,25,617
2024,Rahovec,Total,26,567
2024,Rahovec,Total,27,586
2024,Rahovec,Total,28,548
2024,Rahovec,Total,29,545
2024,Rahovec,Total,30,540
2024,Rahovec,Total,31,544
2024,Rahovec,Total,32,509
2024,Rahovec,Total,33,535
2024,Rahovec,Total,34,480
2024,Rahovec,Total,35,480
2024,Rahovec,Total,36,539
2024,Rahovec,Total,37,498
2024,Rahovec,Total,38,445
2024,Rahovec,Total,39,460
2024,Rahovec,Total,40,510
2024,Rahovec,Total,41,464
2024,Rahovec,Total,42,526
2024,Rahovec,Total,43,550
2024,Rahovec,Total,44,497
2024,Rahovec,Total,45,521
2024,Rahovec,Total,46,597
2024,Rahovec,Total,47,593
2024,Rahovec,Total,48,599
2024,Rahovec,Total,49,622
2024,Rahovec,Total,50,596
2024,Rahovec,Total,51,667
2024,Rahovec,Total,52,668
2024,Rahovec,Total,53,520
2024,Rahovec,Total,54,615
2024,Rahovec,Total,55,592
2024,Rahovec,Total,56,590
2024,Rahovec,Total,57,540
2024,Rahovec,Total,58,470
2024,Rahovec,Total,59,553
2024,Rahovec,Total,60,524
2024,Rahovec,Total,61,467
2024,Rahovec,Total,62,400
2024,Rahovec,Total,63,427
2024,Rahovec,Total,64,424
2024,Rahovec,Total,65,407
2024,Rahovec,Total,66,342
2024,Rahovec,Total,67,342
2024,Rahovec,Total,68,317
2024,Rahovec,Total,69,329
2024,Rahovec,Total,70,302
2024,Rahovec,Total,71,274
2024,Rahovec,Total,72,221
2024,Rahovec,Total,73,235
2024,Rahovec,Total,74,243
2024,Rahovec,Total,75,177
2024,Rahovec,Total,76,169
2024,Rahovec,Total,77,162
2024,Rahovec,Total,78,147
2024,Rahovec,Total,79,139
2024,Rahovec,Total,80,117
2024,Rahovec,Total,81,97
2024,Rahovec,Total,82,90
2024,Rahovec,Total,83,100
2024,Rahovec,Total,84,66
2024,Rahovec,Total,85+,263
2024,Rahovec,Total,Total,41799
2024,Pejë,Total,0,977
2024,Pejë,Total,1,990
2024,Pejë,Total,2,1076
2024,Pejë,Total,3,961
2024,Pejë,Total,4,986
2024,Pejë,Total,5,1031
2024,Pejë,Total,6,1092
2024,Pejë,Total,7,1099
2024,Pejë,Total,8,1141
2024,Pejë,Total,9,1178
2024,Pejë,Total,10,1246
2024,Pejë,Total,11,1204
2024,Pejë,Total,12,1314
2024,Pejë,Total,13,1195
2024,Pejë,Total,14,1275
2024,Pejë,Total,15,1279
2024,Pejë,Total,16,1363
2024,Pejë,Total,17,1281
2024,Pejë,Total,18,1236
2024,Pejë,Total,19,1275
2024,Pejë,Total,20,1313
2024,Pejë,Total,21,1364
2024,Pejë,Total,22,1338
2024,Pejë,Total,23,1515
2024,Pejë,Total,24,1205
2024,Pejë,Total,25,1170
2024,Pejë,Total,26,1172
2024,Pejë,Total,27,1169
2024,Pejë,Total,28,1155
2024,Pejë,Total,29,1098
2024,Pejë,Total,30,1091
2024,Pejë,Total,31,1144
2024,Pejë,Total,32,1066
2024,Pejë,Total,33,1081
2024,Pejë,Total,34,1028
2024,Pejë,Total,35,981
2024,Pejë,Total,36,1045
2024,Pejë,Total,37,1021
2024,Pejë,Total,38,1003
2024,Pejë,Total,39,1024
2024,Pejë,Total,40,1053
2024,Pejë,Total,41,994
2024,Pejë,Total,42,1071
2024,Pejë,Total,43,1013
2024,Pejë,Total,44,1070
2024,Pejë,Total,45,1043
2024,Pejë,Total,46,1062
2024,Pejë,Total,47,1110
2024,Pejë,Total,48,1144
2024,Pejë,Total,49,1141
2024,Pejë,Total,50,1050
2024,Pejë,Total,51,1042
2024,Pejë,Total,52,1075
2024,Pejë,Total,53,1053
2024,Pejë,Total,54,1056
2024,Pejë,Total,55,979
2024,Pejë,Total,56,998
2024,Pejë,Total,57,1066
2024,Pejë,Total,58,981
2024,Pejë,Total,59,967
2024,Pejë,Total,60,992
2024,Pejë,Total,61,974
2024,Pejë,Total,62,1009
2024,Pejë,Total,63,877
2024,Pejë,Total,64,885
2024,Pejë,Total,65,924
2024,Pejë,Total,66,831
2024,Pejë,Total,67,808
2024,Pejë,Total,68,737
2024,Pejë,Total,69,796
2024,Pejë,Total,70,657
2024,Pejë,Total,71,658
2024,Pejë,Total,72,556
2024,Pejë,Total,73,568
2024,Pejë,Total,74,526
2024,Pejë,Total,75,465
2024,Pejë,Total,76,406
2024,Pejë,Total,77,377
2024,Pejë,Total,78,346
2024,Pejë,Total,79,345
2024,Pejë,Total,80,284
2024,Pejë,Total,81,299
2024,Pejë,Total,82,220
2024,Pejë,Total,83,221
2024,Pejë,Total,84,175
2024,Pejë,Total,85+,659
2024,Pejë,Total,Total,82745
2024,Podujevë,Total,0,929
2024,Podujevë,Total,1,928
2024,Podujevë,Total,2,1024
2024,Podujevë,Total,3,996
2024,Podujevë,Total,4,1005
2024,Podujevë,Total,5,1059
2024,Podujevë,Total,6,1092
2024,Podujevë,Total,7,1004
2024,Podujevë,Total,8,1089
2024,Podujevë,Total,9,1109
2024,Podujevë,Total,10,1133
2024,Podujevë,Total,11,1213
2024,Podujevë,Total,12,1151
2024,Podujevë,Total,13,1189
2024,Podujevë,Total,14,1242
2024,Podujevë,Total,15,1189
2024,Podujevë,Total,16,1253
2024,Podujevë,Total,17,1173
2024,Podujevë,Total,18,1288
2024,Podujevë,Total,19,1339
2024,Podujevë,Total,20,1256
2024,Podujevë,Total,21,1400
2024,Podujevë,Total,22,1371
2024,Podujevë,Total,23,1623
2024,Podujevë,Total,24,1042
2024,Podujevë,Total,25,1082
2024,Podujevë,Total,26,979
2024,Podujevë,Total,27,1030
2024,Podujevë,Total,28,956
2024,Podujevë,Total,29,938
2024,Podujevë,Total,30,965
2024,Podujevë,Total,31,890
2024,Podujevë,Total,32,919
2024,Podujevë,Total,33,950
2024,Podujevë,Total,34,942
2024,Podujevë,Total,35,882
2024,Podujevë,Total,36,913
2024,Podujevë,Total,37,908
2024,Podujevë,Total,38,868
2024,Podujevë,Total,39,824
2024,Podujevë,Total,40,943
2024,Podujevë,Total,41,938
2024,Podujevë,Total,42,943
2024,Podujevë,Total,43,870
2024,Podujevë,Total,44,957
2024,Podujevë,Total,45,865
2024,Podujevë,Total,46,923
2024,Podujevë,Total,47,949
2024,Podujevë,Total,48,953
2024,Podujevë,Total,49,974
2024,Podujevë,Total,50,921
2024,Podujevë,Total,51,845
2024,Podujevë,Total,52,872
2024,Podujevë,Total,53,805
2024,Podujevë,Total,54,813
2024,Podujevë,Total,55,801
2024,Podujevë,Total,56,771
2024,Podujevë,Total,57,756
2024,Podujevë,Total,58,758
2024,Podujevë,Total,59,724
2024,Podujevë,Total,60,685
2024,Podujevë,Total,61,694
2024,Podujevë,Total,62,654
2024,Podujevë,Total,63,727
2024,Podujevë,Total,64,615
2024,Podujevë,Total,65,691
2024,Podujevë,Total,66,488
2024,Podujevë,Total,67,562
2024,Podujevë,Total,68,514
2024,Podujevë,Total,69,552
2024,Podujevë,Total,70,414
2024,Podujevë,Total,71,453
2024,Podujevë,Total,72,328
2024,Podujevë,Total,73,373
2024,Podujevë,Total,74,377
2024,Podujevë,Total,75,319
2024,Podujevë,Total,76,316
2024,Podujevë,Total,77,291
2024,Podujevë,Total,78,227
2024,Podujevë,Total,79,207
2024,Podujevë,Total,80,171
2024,Podujevë,Total,81,158
2024,Podujevë,Total,82,115
2024,Podujevë,Total,83,105
2024,Podujevë,Total,84,91
2024,Podujevë,Total,85+,324
2024,Podujevë,Total,Total,70975
2024,Prishtinë,Total,0,3000
2024,Prishtinë,Total,1,3137
2024,Prishtinë,Total,2,3253
2024,Prishtinë,Total,3,3131
2024,Prishtinë,Total,4,3325
2024,Prishtinë,Total,5,3422
2024,Prishtinë,Total,6,3413
2024,Prishtinë,Total,7,3404
2024,Prishtinë,Total,8,3462
2024,Prishtinë,Total,9,3567
2024,Prishtinë,Total,10,3552
2024,Prishtinë,Total,11,3334
2024,Prishtinë,Total,12,3439
2024,Prishtinë,Total,13,3388
2024,Prishtinë,Total,14,3337
2024,Prishtinë,Total,15,3380
2024,Prishtinë,Total,16,3230
2024,Prishtinë,Total,17,3139
2024,Prishtinë,Total,18,3186
2024,Prishtinë,Total,19,3333
2024,Prishtinë,Total,20,3355
2024,Prishtinë,Total,21,3495
2024,Prishtinë,Total,22,3650
2024,Prishtinë,Total,23,4252
2024,Prishtinë,Total,24,3427
2024,Prishtinë,Total,25,3392
2024,Prishtinë,Total,26,3487
2024,Prishtinë,Total,27,3479
2024,Prishtinë,Total,28,3499
2024,Prishtinë,Total,29,3426
2024,Prishtinë,Total,30,3504
2024,Prishtinë,Total,31,3402
2024,Prishtinë,Total,32,3476
2024,Prishtinë,Total,33,3328
2024,Prishtinë,Total,34,3389
2024,Prishtinë,Total,35,3442
2024,Prishtinë,Total,36,3401
2024,Prishtinë,Total,37,3504
2024,Prishtinë,Total,38,3446
2024,Prishtinë,Total,39,3388
2024,Prishtinë,Total,40,3408
2024,Prishtinë,Total,41,3530
2024,Prishtinë,Total,42,3285
2024,Prishtinë,Total,43,3288
2024,Prishtinë,Total,44,3235
2024,Prishtinë,Total,45,3198
2024,Prishtinë,Total,46,3149
2024,Prishtinë,Total,47,3035
2024,Prishtinë,Total,48,3152
2024,Prishtinë,Total,49,2935
2024,Prishtinë,Total,50,2835
2024,Prishtinë,Total,51,2671
2024,Prishtinë,Total,52,2641
2024,Prishtinë,Total,53,2512
2024,Prishtinë,Total,54,2595
2024,Prishtinë,Total,55,2430
2024,Prishtinë,Total,56,2368
2024,Prishtinë,Total,57,2194
2024,Prishtinë,Total,58,2275
2024,Prishtinë,Total,59,2245
2024,Prishtinë,Total,60,2139
2024,Prishtinë,Total,61,2162
2024,Prishtinë,Total,62,2095
2024,Prishtinë,Total,63,2157
2024,Prishtinë,Total,64,1892
2024,Prishtinë,Total,65,2027
2024,Prishtinë,Total,66,1748
2024,Prishtinë,Total,67,1777
2024,Prishtinë,Total,68,1731
2024,Prishtinë,Total,69,1742
2024,Prishtinë,Total,70,1479
2024,Prishtinë,Total,71,1543
2024,Prishtinë,Total,72,1282
2024,Prishtinë,Total,73,1264
2024,Prishtinë,Total,74,1279
2024,Prishtinë,Total,75,1043
2024,Prishtinë,Total,76,1039
2024,Prishtinë,Total,77,915
2024,Prishtinë,Total,78,766
2024,Prishtinë,Total,79,699
2024,Prishtinë,Total,80,628
2024,Prishtinë,Total,81,597
2024,Prishtinë,Total,82,448
2024,Prishtinë,Total,83,408
2024,Prishtinë,Total,84,332
2024,Prishtinë,Total,85+,1119
2024,Prishtinë,Total,Total,227466
2024,Prizren,Total,0,1821
2024,Prizren,Total,1,1946
2024,Prizren,Total,2,1986
2024,Prizren,Total,3,2010
2024,Prizren,Total,4,2014
2024,Prizren,Total,5,2082
2024,Prizren,Total,6,2149
2024,Prizren,Total,7,2181
2024,Prizren,Total,8,2196
2024,Prizren,Total,9,2197
2024,Prizren,Total,10,2298
2024,Prizren,Total,11,2203
2024,Prizren,Total,12,2326
2024,Prizren,Total,13,2215
2024,Prizren,Total,14,2201
2024,Prizren,Total,15,2264
2024,Prizren,Total,16,2190
2024,Prizren,Total,17,2148
2024,Prizren,Total,18,2138
2024,Prizren,Total,19,2207
2024,Prizren,Total,20,2308
2024,Prizren,Total,21,2432
2024,Prizren,Total,22,2330
2024,Prizren,Total,23,2691
2024,Prizren,Total,24,2098
2024,Prizren,Total,25,2028
2024,Prizren,Total,26,2107
2024,Prizren,Total,27,2051
2024,Prizren,Total,28,2165
2024,Prizren,Total,29,2032
2024,Prizren,Total,30,2012
2024,Prizren,Total,31,2083
2024,Prizren,Total,32,2096
2024,Prizren,Total,33,2004
2024,Prizren,Total,34,1932
2024,Prizren,Total,35,1980
2024,Prizren,Total,36,1908
2024,Prizren,Total,37,1930
2024,Prizren,Total,38,1912
2024,Prizren,Total,39,1808
2024,Prizren,Total,40,1954
2024,Prizren,Total,41,1905
2024,Prizren,Total,42,1920
2024,Prizren,Total,43,1926
2024,Prizren,Total,44,1857
2024,Prizren,Total,45,1982
2024,Prizren,Total,46,1977
2024,Prizren,Total,47,1929
2024,Prizren,Total,48,2095
2024,Prizren,Total,49,2033
2024,Prizren,Total,50,1935
2024,Prizren,Total,51,1963
2024,Prizren,Total,52,1864
2024,Prizren,Total,53,1933
2024,Prizren,Total,54,1997
2024,Prizren,Total,55,1885
2024,Prizren,Total,56,1879
2024,Prizren,Total,57,1785
2024,Prizren,Total,58,1609
2024,Prizren,Total,59,1822
2024,Prizren,Total,60,1747
2024,Prizren,Total,61,1591
2024,Prizren,Total,62,1593
2024,Prizren,Total,63,1521
2024,Prizren,Total,64,1520
2024,Prizren,Total,65,1440
2024,Prizren,Total,66,1276
2024,Prizren,Total,67,1347
2024,Prizren,Total,68,1249
2024,Prizren,Total,69,1207
2024,Prizren,Total,70,1181
2024,Prizren,Total,71,1042
2024,Prizren,Total,72,871
2024,Prizren,Total,73,853
2024,Prizren,Total,74,746
2024,Prizren,Total,75,617
2024,Prizren,Total,76,583
2024,Prizren,Total,77,488
2024,Prizren,Total,78,437
2024,Prizren,Total,79,453
2024,Prizren,Total,80,407
2024,Prizren,Total,81,388
2024,Prizren,Total,82,247
2024,Prizren,Total,83,325
2024,Prizren,Total,84,271
2024,Prizren,Total,85+,917
2024,Prizren,Total,Total,147246
2024,Skenderaj,Total,0,498
2024,Skenderaj,Total,1,501
2024,Skenderaj,Total,2,566
2024,Skenderaj,Total,3,522
2024,Skenderaj,Total,4,541
2024,Skenderaj,Total,5,581
2024,Skenderaj,Total,6,599
2024,Skenderaj,Total,7,612
2024,Skenderaj,Total,8,610
2024,Skenderaj,Total,9,617
2024,Skenderaj,Total,10,693
2024,Skenderaj,Total,11,657
2024,Skenderaj,Total,12,673
2024,Skenderaj,Total,13,663
2024,Skenderaj,Total,14,660
2024,Skenderaj,Total,15,700
2024,Skenderaj,Total,16,672
2024,Skenderaj,Total,17,632
2024,Skenderaj,Total,18,660
2024,Skenderaj,Total,19,691
2024,Skenderaj,Total,20,684
2024,Skenderaj,Total,21,692
2024,Skenderaj,Total,22,710
2024,Skenderaj,Total,23,877
2024,Skenderaj,Total,24,604
2024,Skenderaj,Total,25,585
2024,Skenderaj,Total,26,599
2024,Skenderaj,Total,27,579
2024,Skenderaj,Total,28,510
2024,Skenderaj,Total,29,504
2024,Skenderaj,Total,30,523
2024,Skenderaj,Total,31,557
2024,Skenderaj,Total,32,526
2024,Skenderaj,Total,33,509
2024,Skenderaj,Total,34,538
2024,Skenderaj,Total,35,542
2024,Skenderaj,Total,36,574
2024,Skenderaj,Total,37,535
2024,Skenderaj,Total,38,527
2024,Skenderaj,Total,39,510
2024,Skenderaj,Total,40,528
2024,Skenderaj,Total,41,541
2024,Skenderaj,Total,42,531
2024,Skenderaj,Total,43,548
2024,Skenderaj,Total,44,554
2024,Skenderaj,Total,45,549
2024,Skenderaj,Total,46,571
2024,Skenderaj,Total,47,526
2024,Skenderaj,Total,48,594
2024,Skenderaj,Total,49,563
2024,Skenderaj,Total,50,562
2024,Skenderaj,Total,51,563
2024,Skenderaj,Total,52,488
2024,Skenderaj,Total,53,489
2024,Skenderaj,Total,54,505
2024,Skenderaj,Total,55,430
2024,Skenderaj,Total,56,437
2024,Skenderaj,Total,57,387
2024,Skenderaj,Total,58,438
2024,Skenderaj,Total,59,424
2024,Skenderaj,Total,60,408
2024,Skenderaj,Total,61,368
2024,Skenderaj,Total,62,352
2024,Skenderaj,Total,63,410
2024,Skenderaj,Total,64,394
2024,Skenderaj,Total,65,355
2024,Skenderaj,Total,66,297
2024,Skenderaj,Total,67,348
2024,Skenderaj,Total,68,302
2024,Skenderaj,Total,69,291
2024,Skenderaj,Total,70,261
2024,Skenderaj,Total,71,267
2024,Skenderaj,Total,72,215
2024,Skenderaj,Total,73,231
2024,Skenderaj,Total,74,228
2024,Skenderaj,Total,75,178
2024,Skenderaj,Total,76,191
2024,Skenderaj,Total,77,181
2024,Skenderaj,Total,78,180
2024,Skenderaj,Total,79,157
2024,Skenderaj,Total,80,102
2024,Skenderaj,Total,81,116
2024,Skenderaj,Total,82,85
2024,Skenderaj,Total,83,93
2024,Skenderaj,Total,84,61
2024,Skenderaj,Total,85+,332
2024,Skenderaj,Total,Total,40664
2024,Shtime,Total,0,335
2024,Shtime,Total,1,379
2024,Shtime,Total,2,375
2024,Shtime,Total,3,368
2024,Shtime,Total,4,336
2024,Shtime,Total,5,361
2024,Shtime,Total,6,386
2024,Shtime,Total,7,391
2024,Shtime,Total,8,383
2024,Shtime,Total,9,368
2024,Shtime,Total,10,425
2024,Shtime,Total,11,430
2024,Shtime,Total,12,397
2024,Shtime,Total,13,421
2024,Shtime,Total,14,367
2024,Shtime,Total,15,380
2024,Shtime,Total,16,395
2024,Shtime,Total,17,388
2024,Shtime,Total,18,401
2024,Shtime,Total,19,433
2024,Shtime,Total,20,461
2024,Shtime,Total,21,424
2024,Shtime,Total,22,504
2024,Shtime,Total,23,592
2024,Shtime,Total,24,399
2024,Shtime,Total,25,385
2024,Shtime,Total,26,367
2024,Shtime,Total,27,365
2024,Shtime,Total,28,388
2024,Shtime,Total,29,348
2024,Shtime,Total,30,382
2024,Shtime,Total,31,371
2024,Shtime,Total,32,323
2024,Shtime,Total,33,322
2024,Shtime,Total,34,311
2024,Shtime,Total,35,314
2024,Shtime,Total,36,324
2024,Shtime,Total,37,269
2024,Shtime,Total,38,270
2024,Shtime,Total,39,251
2024,Shtime,Total,40,290
2024,Shtime,Total,41,271
2024,Shtime,Total,42,274
2024,Shtime,Total,43,326
2024,Shtime,Total,44,297
2024,Shtime,Total,45,310
2024,Shtime,Total,46,302
2024,Shtime,Total,47,349
2024,Shtime,Total,48,304
2024,Shtime,Total,49,300
2024,Shtime,Total,50,285
2024,Shtime,Total,51,304
2024,Shtime,Total,52,333
2024,Shtime,Total,53,269
2024,Shtime,Total,54,373
2024,Shtime,Total,55,295
2024,Shtime,Total,56,259
2024,Shtime,Total,57,255
2024,Shtime,Total,58,250
2024,Shtime,Total,59,253
2024,Shtime,Total,60,235
2024,Shtime,Total,61,220
2024,Shtime,Total,62,182
2024,Shtime,Total,63,259
2024,Shtime,Total,64,192
2024,Shtime,Total,65,208
2024,Shtime,Total,66,166
2024,Shtime,Total,67,177
2024,Shtime,Total,68,133
2024,Shtime,Total,69,146
2024,Shtime,Total,70,117
2024,Shtime,Total,71,143
2024,Shtime,Total,72,103
2024,Shtime,Total,73,123
2024,Shtime,Total,74,101
2024,Shtime,Total,75,85
2024,Shtime,Total,76,111
2024,Shtime,Total,77,87
2024,Shtime,Total,78,85
2024,Shtime,Total,79,70
2024,Shtime,Total,80,63
2024,Shtime,Total,81,72
2024,Shtime,Total,82,55
2024,Shtime,Total,83,49
2024,Shtime,Total,84,25
2024,Shtime,Total,85+,113
2024,Shtime,Total,Total,24308
2024,Shtërpcë,Total,0,97
2024,Shtërpcë,Total,1,104
2024,Shtërpcë,Total,2,106
2024,Shtërpcë,Total,3,116
2024,Shtërpcë,Total,4,123
2024,Shtërpcë,Total,5,117
2024,Shtërpcë,Total,6,105
2024,Shtërpcë,Total,7,111
2024,Shtërpcë,Total,8,115
2024,Shtërpcë,Total,9,111
2024,Shtërpcë,Total,10,135
2024,Shtërpcë,Total,11,122
2024,Shtërpcë,Total,12,129
2024,Shtërpcë,Total,13,127
2024,Shtërpcë,Total,14,127
2024,Shtërpcë,Total,15,141
2024,Shtërpcë,Total,16,126
2024,Shtërpcë,Total,17,143
2024,Shtërpcë,Total,18,167
2024,Shtërpcë,Total,19,143
2024,Shtërpcë,Total,20,159
2024,Shtërpcë,Total,21,161
2024,Shtërpcë,Total,22,164
2024,Shtërpcë,Total,23,135
2024,Shtërpcë,Total,24,130
2024,Shtërpcë,Total,25,148
2024,Shtërpcë,Total,26,123
2024,Shtërpcë,Total,27,132
2024,Shtërpcë,Total,28,147
2024,Shtërpcë,Total,29,118
2024,Shtërpcë,Total,30,135
2024,Shtërpcë,Total,31,151
2024,Shtërpcë,Total,32,149
2024,Shtërpcë,Total,33,144
2024,Shtërpcë,Total,34,133
2024,Shtërpcë,Total,35,154
2024,Shtërpcë,Total,36,140
2024,Shtërpcë,Total,37,172
2024,Shtërpcë,Total,38,133
2024,Shtërpcë,Total,39,152
2024,Shtërpcë,Total,40,122
2024,Shtërpcë,Total,41,151
2024,Shtërpcë,Total,42,160
2024,Shtërpcë,Total,43,128
2024,Shtërpcë,Total,44,152
2024,Shtërpcë,Total,45,171
2024,Shtërpcë,Total,46,135
2024,Shtërpcë,Total,47,150
2024,Shtërpcë,Total,48,155
2024,Shtërpcë,Total,49,146
2024,Shtërpcë,Total,50,131
2024,Shtërpcë,Total,51,135
2024,Shtërpcë,Total,52,167
2024,Shtërpcë,Total,53,155
2024,Shtërpcë,Total,54,118
2024,Shtërpcë,Total,55,139
2024,Shtërpcë,Total,56,146
2024,Shtërpcë,Total,57,136
2024,Shtërpcë,Total,58,144
2024,Shtërpcë,Total,59,140
2024,Shtërpcë,Total,60,153
2024,Shtërpcë,Total,61,126
2024,Shtërpcë,Total,62,124
2024,Shtërpcë,Total,63,115
2024,Shtërpcë,Total,64,138
2024,Shtërpcë,Total,65,152
2024,Shtërpcë,Total,66,128
2024,Shtërpcë,Total,67,132
2024,Shtërpcë,Total,68,139
2024,Shtërpcë,Total,69,149
2024,Shtërpcë,Total,70,137
2024,Shtërpcë,Total,71,124
2024,Shtërpcë,Total,72,100
2024,Shtërpcë,Total,73,118
2024,Shtërpcë,Total,74,94
2024,Shtërpcë,Total,75,88
2024,Shtërpcë,Total,76,76
2024,Shtërpcë,Total,77,57
2024,Shtërpcë,Total,78,51
2024,Shtërpcë,Total,79,52
2024,Shtërpcë,Total,80,42
2024,Shtërpcë,Total,81,50
2024,Shtërpcë,Total,82,42
2024,Shtërpcë,Total,83,22
2024,Shtërpcë,Total,84,43
2024,Shtërpcë,Total,85+,93
2024,Shtërpcë,Total,Total,10771
2024,Suharekë,Total,0,498
2024,Suharekë,Total,1,557
2024,Suharekë,Total,2,629
2024,Suharekë,Total,3,569
2024,Suharekë,Total,4,633
2024,Suharekë,Total,5,579
2024,Suharekë,Total,6,619
2024,Suharekë,Total,7,676
2024,Suharekë,Total,8,643
2024,Suharekë,Total,9,698
2024,Suharekë,Total,10,683
2024,Suharekë,Total,11,732
2024,Suharekë,Total,12,730
2024,Suharekë,Total,13,717
2024,Suharekë,Total,14,675
2024,Suharekë,Total,15,732
2024,Suharekë,Total,16,734
2024,Suharekë,Total,17,674
2024,Suharekë,Total,18,657
2024,Suharekë,Total,19,712
2024,Suharekë,Total,20,720
2024,Suharekë,Total,21,776
2024,Suharekë,Total,22,803
2024,Suharekë,Total,23,942
2024,Suharekë,Total,24,660
2024,Suharekë,Total,25,662
2024,Suharekë,Total,26,666
2024,Suharekë,Total,27,646
2024,Suharekë,Total,28,620
2024,Suharekë,Total,29,585
2024,Suharekë,Total,30,658
2024,Suharekë,Total,31,610
2024,Suharekë,Total,32,586
2024,Suharekë,Total,33,595
2024,Suharekë,Total,34,607
2024,Suharekë,Total,35,588
2024,Suharekë,Total,36,577
2024,Suharekë,Total,37,532
2024,Suharekë,Total,38,556
2024,Suharekë,Total,39,469
2024,Suharekë,Total,40,565
2024,Suharekë,Total,41,479
2024,Suharekë,Total,42,567
2024,Suharekë,Total,43,544
2024,Suharekë,Total,44,571
2024,Suharekë,Total,45,528
2024,Suharekë,Total,46,554
2024,Suharekë,Total,47,639
2024,Suharekë,Total,48,628
2024,Suharekë,Total,49,606
2024,Suharekë,Total,50,677
2024,Suharekë,Total,51,644
2024,Suharekë,Total,52,624
2024,Suharekë,Total,53,588
2024,Suharekë,Total,54,629
2024,Suharekë,Total,55,631
2024,Suharekë,Total,56,594
2024,Suharekë,Total,57,600
2024,Suharekë,Total,58,579
2024,Suharekë,Total,59,569
2024,Suharekë,Total,60,559
2024,Suharekë,Total,61,531
2024,Suharekë,Total,62,524
2024,Suharekë,Total,63,493
2024,Suharekë,Total,64,472
2024,Suharekë,Total,65,485
2024,Suharekë,Total,66,371
2024,Suharekë,Total,67,366
2024,Suharekë,Total,68,400
2024,Suharekë,Total,69,379
2024,Suharekë,Total,70,344
2024,Suharekë,Total,71,332
2024,Suharekë,Total,72,255
2024,Suharekë,Total,73,286
2024,Suharekë,Total,74,250
2024,Suharekë,Total,75,234
2024,Suharekë,Total,76,193
2024,Suharekë,Total,77,183
2024,Suharekë,Total,78,145
2024,Suharekë,Total,79,189
2024,Suharekë,Total,80,165
2024,Suharekë,Total,81,155
2024,Suharekë,Total,82,91
2024,Suharekë,Total,83,115
2024,Suharekë,Total,84,96
2024,Suharekë,Total,85+,315
2024,Suharekë,Total,Total,45749
2024,Ferizaj,Total,0,1591
2024,Ferizaj,Total,1,1582
2024,Ferizaj,Total,2,1758
2024,Ferizaj,Total,3,1568
2024,Ferizaj,Total,4,1676
2024,Ferizaj,Total,5,1626
2024,Ferizaj,Total,6,1643
2024,Ferizaj,Total,7,1669
2024,Ferizaj,Total,8,1720
2024,Ferizaj,Total,9,1699
2024,Ferizaj,Total,10,1661
2024,Ferizaj,Total,11,1749
2024,Ferizaj,Total,12,1673
2024,Ferizaj,Total,13,1685
2024,Ferizaj,Total,14,1727
2024,Ferizaj,Total,15,1693
2024,Ferizaj,Total,16,1730
2024,Ferizaj,Total,17,1691
2024,Ferizaj,Total,18,1795
2024,Ferizaj,Total,19,1877
2024,Ferizaj,Total,20,1791
2024,Ferizaj,Total,21,1955
2024,Ferizaj,Total,22,2008
2024,Ferizaj,Total,23,2340
2024,Ferizaj,Total,24,1806
2024,Ferizaj,Total,25,1632
2024,Ferizaj,Total,26,1690
2024,Ferizaj,Total,27,1606
2024,Ferizaj,Total,28,1596
2024,Ferizaj,Total,29,1613
2024,Ferizaj,Total,30,1537
2024,Ferizaj,Total,31,1541
2024,Ferizaj,Total,32,1555
2024,Ferizaj,Total,33,1495
2024,Ferizaj,Total,34,1520
2024,Ferizaj,Total,35,1447
2024,Ferizaj,Total,36,1466
2024,Ferizaj,Total,37,1488
2024,Ferizaj,Total,38,1474
2024,Ferizaj,Total,39,1317
2024,Ferizaj,Total,40,1439
2024,Ferizaj,Total,41,1388
2024,Ferizaj,Total,42,1410
2024,Ferizaj,Total,43,1394
2024,Ferizaj,Total,44,1383
2024,Ferizaj,Total,45,1383
2024,Ferizaj,Total,46,1397
2024,Ferizaj,Total,47,1456
2024,Ferizaj,Total,48,1546
2024,Ferizaj,Total,49,1483
2024,Ferizaj,Total,50,1312
2024,Ferizaj,Total,51,1348
2024,Ferizaj,Total,52,1404
2024,Ferizaj,Total,53,1272
2024,Ferizaj,Total,54,1347
2024,Ferizaj,Total,55,1222
2024,Ferizaj,Total,56,1210
2024,Ferizaj,Total,57,1134
2024,Ferizaj,Total,58,1226
2024,Ferizaj,Total,59,1150
2024,Ferizaj,Total,60,1105
2024,Ferizaj,Total,61,1047
2024,Ferizaj,Total,62,941
2024,Ferizaj,Total,63,1028
2024,Ferizaj,Total,64,850
2024,Ferizaj,Total,65,905
2024,Ferizaj,Total,66,775
2024,Ferizaj,Total,67,816
2024,Ferizaj,Total,68,775
2024,Ferizaj,Total,69,769
2024,Ferizaj,Total,70,705
2024,Ferizaj,Total,71,637
2024,Ferizaj,Total,72,549
2024,Ferizaj,Total,73,608
2024,Ferizaj,Total,74,485
2024,Ferizaj,Total,75,455
2024,Ferizaj,Total,76,423
2024,Ferizaj,Total,77,435
2024,Ferizaj,Total,78,349
2024,Ferizaj,Total,79,346
2024,Ferizaj,Total,80,309
2024,Ferizaj,Total,81,303
2024,Ferizaj,Total,82,224
2024,Ferizaj,Total,83,221
2024,Ferizaj,Total,84,145
2024,Ferizaj,Total,85+,456
2024,Ferizaj,Total,Total,109255
2024,Viti,Total,0,461
2024,Viti,Total,1,488
2024,Viti,Total,2,490
2024,Viti,Total,3,441
2024,Viti,Total,4,523
2024,Viti,Total,5,530
2024,Viti,Total,6,562
2024,Viti,Total,7,511
2024,Viti,Total,8,471
2024,Viti,Total,9,534
2024,Viti,Total,10,529
2024,Viti,Total,11,533
2024,Viti,Total,12,550
2024,Viti,Total,13,562
2024,Viti,Total,14,568
2024,Viti,Total,15,546
2024,Viti,Total,16,566
2024,Viti,Total,17,587
2024,Viti,Total,18,579
2024,Viti,Total,19,632
2024,Viti,Total,20,629
2024,Viti,Total,21,629
2024,Viti,Total,22,716
2024,Viti,Total,23,803
2024,Viti,Total,24,605
2024,Viti,Total,25,570
2024,Viti,Total,26,542
2024,Viti,Total,27,524
2024,Viti,Total,28,515
2024,Viti,Total,29,511
2024,Viti,Total,30,493
2024,Viti,Total,31,486
2024,Viti,Total,32,460
2024,Viti,Total,33,451
2024,Viti,Total,34,415
2024,Viti,Total,35,417
2024,Viti,Total,36,406
2024,Viti,Total,37,368
2024,Viti,Total,38,402
2024,Viti,Total,39,386
2024,Viti,Total,40,384
2024,Viti,Total,41,388
2024,Viti,Total,42,422
2024,Viti,Total,43,394
2024,Viti,Total,44,390
2024,Viti,Total,45,428
2024,Viti,Total,46,431
2024,Viti,Total,47,492
2024,Viti,Total,48,471
2024,Viti,Total,49,514
2024,Viti,Total,50,469
2024,Viti,Total,51,541
2024,Viti,Total,52,446
2024,Viti,Total,53,480
2024,Viti,Total,54,536
2024,Viti,Total,55,476
2024,Viti,Total,56,485
2024,Viti,Total,57,401
2024,Viti,Total,58,453
2024,Viti,Total,59,437
2024,Viti,Total,60,381
2024,Viti,Total,61,350
2024,Viti,Total,62,374
2024,Viti,Total,63,374
2024,Viti,Total,64,314
2024,Viti,Total,65,311
2024,Viti,Total,66,252
2024,Viti,Total,67,256
2024,Viti,Total,68,235
2024,Viti,Total,69,282
2024,Viti,Total,70,206
2024,Viti,Total,71,240
2024,Viti,Total,72,171
2024,Viti,Total,73,218
2024,Viti,Total,74,184
2024,Viti,Total,75,162
2024,Viti,Total,76,184
2024,Viti,Total,77,167
2024,Viti,Total,78,131
2024,Viti,Total,79,118
2024,Viti,Total,80,109
2024,Viti,Total,81,106
2024,Viti,Total,82,69
2024,Viti,Total,83,62
2024,Viti,Total,84,57
2024,Viti,Total,85+,224
2024,Viti,Total,Total,35566
2024,Vushtrri,Total,0,807
2024,Vushtrri,Total,1,854
2024,Vushtrri,Total,2,865
2024,Vushtrri,Total,3,891
2024,Vushtrri,Total,4,846
2024,Vushtrri,Total,5,942
2024,Vushtrri,Total,6,968
2024,Vushtrri,Total,7,945
2024,Vushtrri,Total,8,949
2024,Vushtrri,Total,9,977
2024,Vushtrri,Total,10,998
2024,Vushtrri,Total,11,976
2024,Vushtrri,Total,12,1002
2024,Vushtrri,Total,13,950
2024,Vushtrri,Total,14,967
2024,Vushtrri,Total,15,966
2024,Vushtrri,Total,16,979
2024,Vushtrri,Total,17,984
2024,Vushtrri,Total,18,994
2024,Vushtrri,Total,19,1004
2024,Vushtrri,Total,20,1013
2024,Vushtrri,Total,21,1056
2024,Vushtrri,Total,22,1051
2024,Vushtrri,Total,23,1350
2024,Vushtrri,Total,24,902
2024,Vushtrri,Total,25,879
2024,Vushtrri,Total,26,930
2024,Vushtrri,Total,27,858
2024,Vushtrri,Total,28,849
2024,Vushtrri,Total,29,867
2024,Vushtrri,Total,30,878
2024,Vushtrri,Total,31,817
2024,Vushtrri,Total,32,860
2024,Vushtrri,Total,33,773
2024,Vushtrri,Total,34,837
2024,Vushtrri,Total,35,822
2024,Vushtrri,Total,36,805
2024,Vushtrri,Total,37,827
2024,Vushtrri,Total,38,788
2024,Vushtrri,Total,39,749
2024,Vushtrri,Total,40,792
2024,Vushtrri,Total,41,842
2024,Vushtrri,Total,42,828
2024,Vushtrri,Total,43,827
2024,Vushtrri,Total,44,823
2024,Vushtrri,Total,45,812
2024,Vushtrri,Total,46,807
2024,Vushtrri,Total,47,760
2024,Vushtrri,Total,48,845
2024,Vushtrri,Total,49,824
2024,Vushtrri,Total,50,771
2024,Vushtrri,Total,51,764
2024,Vushtrri,Total,52,732
2024,Vushtrri,Total,53,662
2024,Vushtrri,Total,54,741
2024,Vushtrri,Total,55,694
2024,Vushtrri,Total,56,707
2024,Vushtrri,Total,57,652
2024,Vushtrri,Total,58,733
2024,Vushtrri,Total,59,647
2024,Vushtrri,Total,60,667
2024,Vushtrri,Total,61,572
2024,Vushtrri,Total,62,582
2024,Vushtrri,Total,63,628
2024,Vushtrri,Total,64,529
2024,Vushtrri,Total,65,596
2024,Vushtrri,Total,66,458
2024,Vushtrri,Total,67,511
2024,Vushtrri,Total,68,462
2024,Vushtrri,Total,69,499
2024,Vushtrri,Total,70,451
2024,Vushtrri,Total,71,375
2024,Vushtrri,Total,72,301
2024,Vushtrri,Total,73,347
2024,Vushtrri,Total,74,315
2024,Vushtrri,Total,75,283
2024,Vushtrri,Total,76,278
2024,Vushtrri,Total,77,258
2024,Vushtrri,Total,78,222
2024,Vushtrri,Total,79,211
2024,Vushtrri,Total,80,168
2024,Vushtrri,Total,81,134
2024,Vushtrri,Total,82,123
2024,Vushtrri,Total,83,115
2024,Vushtrri,Total,84,85
2024,Vushtrri,Total,85+,320
2024,Vushtrri,Total,Total,61528
2024,Zubin Potok,Total,0,28
2024,Zubin Potok,Total,1,29
2024,Zubin Potok,Total,2,21
2024,Zubin Potok,Total,3,20
2024,Zubin Potok,Total,4,31
2024,Zubin Potok,Total,5,27
2024,Zubin Potok,Total,6,28
2024,Zubin Potok,Total,7,24
2024,Zubin Potok,Total,8,29
2024,Zubin Potok,Total,9,31
2024,Zubin Potok,Total,10,29
2024,Zubin Potok,Total,11,40
2024,Zubin Potok,Total,12,38
2024,Zubin Potok,Total,13,33
2024,Zubin Potok,Total,14,37
2024,Zubin Potok,Total,15,36
2024,Zubin Potok,Total,16,49
2024,Zubin Potok,Total,17,39
2024,Zubin Potok,Total,18,40
2024,Zubin Potok,Total,19,45
2024,Zubin Potok,Total,20,40
2024,Zubin Potok,Total,21,45
2024,Zubin Potok,Total,22,35
2024,Zubin Potok,Total,23,42
2024,Zubin Potok,Total,24,32
2024,Zubin Potok,Total,25,37
2024,Zubin Potok,Total,26,34
2024,Zubin Potok,Total,27,34
2024,Zubin Potok,Total,28,38
2024,Zubin Potok,Total,29,35
2024,Zubin Potok,Total,30,41
2024,Zubin Potok,Total,31,37
2024,Zubin Potok,Total,32,44
2024,Zubin Potok,Total,33,41
2024,Zubin Potok,Total,34,42
2024,Zubin Potok,Total,35,44
2024,Zubin Potok,Total,36,44
2024,Zubin Potok,Total,37,47
2024,Zubin Potok,Total,38,46
2024,Zubin Potok,Total,39,52
2024,Zubin Potok,Total,40,52
2024,Zubin Potok,Total,41,52
2024,Zubin Potok,Total,42,44
2024,Zubin Potok,Total,43,48
2024,Zubin Potok,Total,44,57
2024,Zubin Potok,Total,45,43
2024,Zubin Potok,Total,46,45
2024,Zubin Potok,Total,47,52
2024,Zubin Potok,Total,48,56
2024,Zubin Potok,Total,49,51
2024,Zubin Potok,Total,50,48
2024,Zubin Potok,Total,51,40
2024,Zubin Potok,Total,52,41
2024,Zubin Potok,Total,53,47
2024,Zubin Potok,Total,54,49
2024,Zubin Potok,Total,55,41
2024,Zubin Potok,Total,56,36
2024,Zubin Potok,Total,57,38
2024,Zubin Potok,Total,58,41
2024,Zubin Potok,Total,59,44
2024,Zubin Potok,Total,60,42
2024,Zubin Potok,Total,61,45
2024,Zubin Potok,Total,62,53
2024,Zubin Potok,Total,63,60
2024,Zubin Potok,Total,64,61
2024,Zubin Potok,Total,65,59
2024,Zubin Potok,Total,66,48
2024,Zubin Potok,Total,67,55
2024,Zubin Potok,Total,68,53
2024,Zubin Potok,Total,69,51
2024,Zubin Potok,Total,70,48
2024,Zubin Potok,Total,71,48
2024,Zubin Potok,Total,72,39
2024,Zubin Potok,Total,73,42
2024,Zubin Potok,Total,74,47
2024,Zubin Potok,Total,75,35
2024,Zubin Potok,Total,76,30
2024,Zubin Potok,Total,77,30
2024,Zubin Potok,Total,78,25
2024,Zubin Potok,Total,79,17
2024,Zubin Potok,Total,80,16
2024,Zubin Potok,Total,81,12
2024,Zubin Potok,Total,82,12
2024,Zubin Potok,Total,83,17
2024,Zubin Potok,Total,84,18
2024,Zubin Potok,Total,85+,33
2024,Zubin Potok,Total,Total,3385
2024,Zveqan,Total,0,27
2024,Zveqan,Total,1,20
2024,Zveqan,Total,2,19
2024,Zveqan,Total,3,18
2024,Zveqan,Total,4,21
2024,Zveqan,Total,5,21
2024,Zveqan,Total,6,21
2024,Zveqan,Total,7,19
2024,Zveqan,Total,8,22
2024,Zveqan,Total,9,29
2024,Zveqan,Total,10,26
2024,Zveqan,Total,11,28
2024,Zveqan,Total,12,37
2024,Zveqan,Total,13,32
2024,Zveqan,Total,14,37
2024,Zveqan,Total,15,28
2024,Zveqan,Total,16,31
2024,Zveqan,Total,17,32
2024,Zveqan,Total,18,31
2024,Zveqan,Total,19,35
2024,Zveqan,Total,20,33
2024,Zveqan,Total,21,32
2024,Zveqan,Total,22,35
2024,Zveqan,Total,23,29
2024,Zveqan,Total,24,31
2024,Zveqan,Total,25,28
2024,Zveqan,Total,26,31
2024,Zveqan,Total,27,27
2024,Zveqan,Total,28,27
2024,Zveqan,Total,29,26
2024,Zveqan,Total,30,28
2024,Zveqan,Total,31,29
2024,Zveqan,Total,32,36
2024,Zveqan,Total,33,38
2024,Zveqan,Total,34,37
2024,Zveqan,Total,35,39
2024,Zveqan,Total,36,38
2024,Zveqan,Total,37,47
2024,Zveqan,Total,38,43
2024,Zveqan,Total,39,45
2024,Zveqan,Total,40,44
2024,Zveqan,Total,41,40
2024,Zveqan,Total,42,37
2024,Zveqan,Total,43,43
2024,Zveqan,Total,44,41
2024,Zveqan,Total,45,44
2024,Zveqan,Total,46,41
2024,Zveqan,Total,47,46
2024,Zveqan,Total,48,48
2024,Zveqan,Total,49,47
2024,Zveqan,Total,50,41
2024,Zveqan,Total,51,39
2024,Zveqan,Total,52,35
2024,Zveqan,Total,53,38
2024,Zveqan,Total,54,40
2024,Zveqan,Total,55,40
2024,Zveqan,Total,56,35
2024,Zveqan,Total,57,33
2024,Zveqan,Total,58,32
2024,Zveqan,Total,59,35
2024,Zveqan,Total,60,35
2024,Zveqan,Total,61,42
2024,Zveqan,Total,62,47
2024,Zveqan,Total,63,50
2024,Zveqan,Total,64,50
2024,Zveqan,Total,65,47
2024,Zveqan,Total,66,42
2024,Zveqan,Total,67,43
2024,Zveqan,Total,68,41
2024,Zveqan,Total,69,44
2024,Zveqan,Total,70,45
2024,Zveqan,Total,71,41
2024,Zveqan,Total,72,37
2024,Zveqan,Total,73,42
2024,Zveqan,Total,74,37
2024,Zveqan,Total,75,30
2024,Zveqan,Total,76,25
2024,Zveqan,Total,77,26
2024,Zveqan,Total,78,20
2024,Zveqan,Total,79,13
2024,Zveqan,Total,80,12
2024,Zveqan,Total,81,11
2024,Zveqan,Total,82,13
2024,Zveqan,Total,83,15
2024,Zveqan,Total,84,16
2024,Zveqan,Total,85+,31
2024,Zveqan,Total,Total,2867
2024,Malishevë,Total,0,669
2024,Malishevë,Total,1,703
2024,Malishevë,Total,2,744
2024,Malishevë,Total,3,721
2024,Malishevë,Total,4,679
2024,Malishevë,Total,5,798
2024,Malishevë,Total,6,696
2024,Malishevë,Total,7,751
2024,Malishevë,Total,8,752
2024,Malishevë,Total,9,749
2024,Malishevë,Total,10,785
2024,Malishevë,Total,11,842
2024,Malishevë,Total,12,843
2024,Malishevë,Total,13,786
2024,Malishevë,Total,14,854
2024,Malishevë,Total,15,807
2024,Malishevë,Total,16,785
2024,Malishevë,Total,17,740
2024,Malishevë,Total,18,740
2024,Malishevë,Total,19,709
2024,Malishevë,Total,20,692
2024,Malishevë,Total,21,748
2024,Malishevë,Total,22,839
2024,Malishevë,Total,23,965
2024,Malishevë,Total,24,693
2024,Malishevë,Total,25,617
2024,Malishevë,Total,26,594
2024,Malishevë,Total,27,632
2024,Malishevë,Total,28,576
2024,Malishevë,Total,29,612
2024,Malishevë,Total,30,627
2024,Malishevë,Total,31,596
2024,Malishevë,Total,32,586
2024,Malishevë,Total,33,557
2024,Malishevë,Total,34,581
2024,Malishevë,Total,35,569
2024,Malishevë,Total,36,609
2024,Malishevë,Total,37,564
2024,Malishevë,Total,38,526
2024,Malishevë,Total,39,481
2024,Malishevë,Total,40,512
2024,Malishevë,Total,41,493
2024,Malishevë,Total,42,519
2024,Malishevë,Total,43,509
2024,Malishevë,Total,44,518
2024,Malishevë,Total,45,479
2024,Malishevë,Total,46,608
2024,Malishevë,Total,47,538
2024,Malishevë,Total,48,559
2024,Malishevë,Total,49,580
2024,Malishevë,Total,50,526
2024,Malishevë,Total,51,549
2024,Malishevë,Total,52,549
2024,Malishevë,Total,53,520
2024,Malishevë,Total,54,509
2024,Malishevë,Total,55,500
2024,Malishevë,Total,56,477
2024,Malishevë,Total,57,426
2024,Malishevë,Total,58,449
2024,Malishevë,Total,59,452
2024,Malishevë,Total,60,440
2024,Malishevë,Total,61,400
2024,Malishevë,Total,62,379
2024,Malishevë,Total,63,443
2024,Malishevë,Total,64,298
2024,Malishevë,Total,65,375
2024,Malishevë,Total,66,271
2024,Malishevë,Total,67,266
2024,Malishevë,Total,68,266
2024,Malishevë,Total,69,228
2024,Malishevë,Total,70,261
2024,Malishevë,Total,71,218
2024,Malishevë,Total,72,164
2024,Malishevë,Total,73,223
2024,Malishevë,Total,74,187
2024,Malishevë,Total,75,147
2024,Malishevë,Total,76,165
2024,Malishevë,Total,77,146
2024,Malishevë,Total,78,127
2024,Malishevë,Total,79,105
2024,Malishevë,Total,80,111
2024,Malishevë,Total,81,109
2024,Malishevë,Total,82,68
2024,Malishevë,Total,83,67
2024,Malishevë,Total,84,70
2024,Malishevë,Total,85+,265
2024,Malishevë,Total,Total,43888
2024,Junik,Total,0,40
2024,Junik,Total,1,37
2024,Junik,Total,2,34
2024,Junik,Total,3,33
2024,Junik,Total,4,34
2024,Junik,Total,5,35
2024,Junik,Total,6,33
2024,Junik,Total,7,40
2024,Junik,Total,8,47
2024,Junik,Total,9,52
2024,Junik,Total,10,61
2024,Junik,Total,11,49
2024,Junik,Total,12,66
2024,Junik,Total,13,53
2024,Junik,Total,14,63
2024,Junik,Total,15,61
2024,Junik,Total,16,58
2024,Junik,Total,17,55
2024,Junik,Total,18,62
2024,Junik,Total,19,75
2024,Junik,Total,20,52
2024,Junik,Total,21,55
2024,Junik,Total,22,70
2024,Junik,Total,23,63
2024,Junik,Total,24,60
2024,Junik,Total,25,45
2024,Junik,Total,26,52
2024,Junik,Total,27,55
2024,Junik,Total,28,43
2024,Junik,Total,29,55
2024,Junik,Total,30,44
2024,Junik,Total,31,41
2024,Junik,Total,32,37
2024,Junik,Total,33,52
2024,Junik,Total,34,64
2024,Junik,Total,35,35
2024,Junik,Total,36,42
2024,Junik,Total,37,46
2024,Junik,Total,38,51
2024,Junik,Total,39,47
2024,Junik,Total,40,71
2024,Junik,Total,41,49
2024,Junik,Total,42,49
2024,Junik,Total,43,51
2024,Junik,Total,44,56
2024,Junik,Total,45,63
2024,Junik,Total,46,77
2024,Junik,Total,47,60
2024,Junik,Total,48,71
2024,Junik,Total,49,63
2024,Junik,Total,50,72
2024,Junik,Total,51,53
2024,Junik,Total,52,67
2024,Junik,Total,53,56
2024,Junik,Total,54,54
2024,Junik,Total,55,71
2024,Junik,Total,56,52
2024,Junik,Total,57,56
2024,Junik,Total,58,49
2024,Junik,Total,59,54
2024,Junik,Total,60,42
2024,Junik,Total,61,41
2024,Junik,Total,62,40
2024,Junik,Total,63,44
2024,Junik,Total,64,50
2024,Junik,Total,65,50
2024,Junik,Total,66,30
2024,Junik,Total,67,33
2024,Junik,Total,68,35
2024,Junik,Total,69,44
2024,Junik,Total,70,27
2024,Junik,Total,71,27
2024,Junik,Total,72,30
2024,Junik,Total,73,32
2024,Junik,Total,74,26
2024,Junik,Total,75,22
2024,Junik,Total,76,29
2024,Junik,Total,77,18
2024,Junik,Total,78,7
2024,Junik,Total,79,13
2024,Junik,Total,80,15
2024,Junik,Total,81,20
2024,Junik,Total,82,13
2024,Junik,Total,83,10
2024,Junik,Total,84,12
2024,Junik,Total,85+,42
2024,Junik,Total,Total,3943
2024,Mamushë,Total,0,91
2024,Mamushë,Total,1,85
2024,Mamushë,Total,2,115
2024,Mamushë,Total,3,95
2024,Mamushë,Total,4,95
2024,Mamushë,Total,5,96
2024,Mamushë,Total,6,71
2024,Mamushë,Total,7,92
2024,Mamushë,Total,8,102
2024,Mamushë,Total,9,101
2024,Mamushë,Total,10,89
2024,Mamushë,Total,11,100
2024,Mamushë,Total,12,87
2024,Mamushë,Total,13,98
2024,Mamushë,Total,14,84
2024,Mamushë,Total,15,93
2024,Mamushë,Total,16,87
2024,Mamushë,Total,17,72
2024,Mamushë,Total,18,90
2024,Mamushë,Total,19,87
2024,Mamushë,Total,20,97
2024,Mamushë,Total,21,104
2024,Mamushë,Total,22,109
2024,Mamushë,Total,23,120
2024,Mamushë,Total,24,98
2024,Mamushë,Total,25,116
2024,Mamushë,Total,26,96
2024,Mamushë,Total,27,101
2024,Mamushë,Total,28,102
2024,Mamushë,Total,29,100
2024,Mamushë,Total,30,102
2024,Mamushë,Total,31,89
2024,Mamushë,Total,32,81
2024,Mamushë,Total,33,85
2024,Mamushë,Total,34,78
2024,Mamushë,Total,35,69
2024,Mamushë,Total,36,89
2024,Mamushë,Total,37,76
2024,Mamushë,Total,38,95
2024,Mamushë,Total,39,78
2024,Mamushë,Total,40,99
2024,Mamushë,Total,41,63
2024,Mamushë,Total,42,84
2024,Mamushë,Total,43,67
2024,Mamushë,Total,44,90
2024,Mamushë,Total,45,76
2024,Mamushë,Total,46,70
2024,Mamushë,Total,47,69
2024,Mamushë,Total,48,79
2024,Mamushë,Total,49,79
2024,Mamushë,Total,50,83
2024,Mamushë,Total,51,73
2024,Mamushë,Total,52,54
2024,Mamushë,Total,53,58
2024,Mamushë,Total,54,62
2024,Mamushë,Total,55,59
2024,Mamushë,Total,56,39
2024,Mamushë,Total,57,54
2024,Mamushë,Total,58,40
2024,Mamushë,Total,59,49
2024,Mamushë,Total,60,44
2024,Mamushë,Total,61,40
2024,Mamushë,Total,62,36
2024,Mamushë,Total,63,32
2024,Mamushë,Total,64,32
2024,Mamushë,Total,65,26
2024,Mamushë,Total,66,28
2024,Mamushë,Total,67,23
2024,Mamushë,Total,68,26
2024,Mamushë,Total,69,35
2024,Mamushë,Total,70,20
2024,Mamushë,Total,71,21
2024,Mamushë,Total,72,26
2024,Mamushë,Total,73,23
2024,Mamushë,Total,74,17
2024,Mamushë,Total,75,19
2024,Mamushë,Total,76,18
2024,Mamushë,Total,77,12
2024,Mamushë,Total,78,13
2024,Mamushë,Total,79,3
2024,Mamushë,Total,80,10
2024,Mamushë,Total,81,9
2024,Mamushë,Total,82,4
2024,Mamushë,Total,83,5
2024,Mamushë,Total,84,5
2024,Mamushë,Total,85+,18
2024,Mamushë,Total,Total,5607
2024,Hani i Elezit,Total,0,123
2024,Hani i Elezit,Total,1,129
2024,Hani i Elezit,Total,2,133
2024,Hani i Elezit,Total,3,130
2024,Hani i Elezit,Total,4,123
2024,Hani i Elezit,Total,5,151
2024,Hani i Elezit,Total,6,133
2024,Hani i Elezit,Total,7,140
2024,Hani i Elezit,Total,8,151
2024,Hani i Elezit,Total,9,152
2024,Hani i Elezit,Total,10,155
2024,Hani i Elezit,Total,11,132
2024,Hani i Elezit,Total,12,142
2024,Hani i Elezit,Total,13,145
2024,Hani i Elezit,Total,14,147
2024,Hani i Elezit,Total,15,148
2024,Hani i Elezit,Total,16,148
2024,Hani i Elezit,Total,17,135
2024,Hani i Elezit,Total,18,118
2024,Hani i Elezit,Total,19,137
2024,Hani i Elezit,Total,20,125
2024,Hani i Elezit,Total,21,134
2024,Hani i Elezit,Total,22,150
2024,Hani i Elezit,Total,23,139
2024,Hani i Elezit,Total,24,122
2024,Hani i Elezit,Total,25,135
2024,Hani i Elezit,Total,26,134
2024,Hani i Elezit,Total,27,124
2024,Hani i Elezit,Total,28,128
2024,Hani i Elezit,Total,29,121
2024,Hani i Elezit,Total,30,113
2024,Hani i Elezit,Total,31,107
2024,Hani i Elezit,Total,32,116
2024,Hani i Elezit,Total,33,126
2024,Hani i Elezit,Total,34,117
2024,Hani i Elezit,Total,35,111
2024,Hani i Elezit,Total,36,102
2024,Hani i Elezit,Total,37,125
2024,Hani i Elezit,Total,38,103
2024,Hani i Elezit,Total,39,117
2024,Hani i Elezit,Total,40,118
2024,Hani i Elezit,Total,41,114
2024,Hani i Elezit,Total,42,109
2024,Hani i Elezit,Total,43,144
2024,Hani i Elezit,Total,44,122
2024,Hani i Elezit,Total,45,102
2024,Hani i Elezit,Total,46,105
2024,Hani i Elezit,Total,47,97
2024,Hani i Elezit,Total,48,123
2024,Hani i Elezit,Total,49,93
2024,Hani i Elezit,Total,50,91
2024,Hani i Elezit,Total,51,109
2024,Hani i Elezit,Total,52,116
2024,Hani i Elezit,Total,53,100
2024,Hani i Elezit,Total,54,115
2024,Hani i Elezit,Total,55,100
2024,Hani i Elezit,Total,56,112
2024,Hani i Elezit,Total,57,119
2024,Hani i Elezit,Total,58,96
2024,Hani i Elezit,Total,59,100
2024,Hani i Elezit,Total,60,77
2024,Hani i Elezit,Total,61,82
2024,Hani i Elezit,Total,62,89
2024,Hani i Elezit,Total,63,69
2024,Hani i Elezit,Total,64,79
2024,Hani i Elezit,Total,65,66
2024,Hani i Elezit,Total,66,82
2024,Hani i Elezit,Total,67,55
2024,Hani i Elezit,Total,68,52
2024,Hani i Elezit,Total,69,55
2024,Hani i Elezit,Total,70,47
2024,Hani i Elezit,Total,71,48
2024,Hani i Elezit,Total,72,28
2024,Hani i Elezit,Total,73,38
2024,Hani i Elezit,Total,74,23
2024,Hani i Elezit,Total,75,28
2024,Hani i Elezit,Total,76,22
2024,Hani i Elezit,Total,77,39
2024,Hani i Elezit,Total,78,30
2024,Hani i Elezit,Total,79,32
2024,Hani i Elezit,Total,80,14
2024,Hani i Elezit,Total,81,16
2024,Hani i Elezit,Total,82,13
2024,Hani i Elezit,Total,83,12
2024,Hani i Elezit,Total,84,10
2024,Hani i Elezit,Total,85+,21
2024,Hani i Elezit,Total,Total,8533
2024,Graçanicë,Total,0,208
2024,Graçanicë,Total,1,207
2024,Graçanicë,Total,2,211
2024,Graçanicë,Total,3,234
2024,Graçanicë,Total,4,211
2024,Graçanicë,Total,5,218
2024,Graçanicë,Total,6,244
2024,Graçanicë,Total,7,228
2024,Graçanicë,Total,8,298
2024,Graçanicë,Total,9,264
2024,Graçanicë,Total,10,242
2024,Graçanicë,Total,11,272
2024,Graçanicë,Total,12,277
2024,Graçanicë,Total,13,301
2024,Graçanicë,Total,14,265
2024,Graçanicë,Total,15,258
2024,Graçanicë,Total,16,279
2024,Graçanicë,Total,17,276
2024,Graçanicë,Total,18,292
2024,Graçanicë,Total,19,238
2024,Graçanicë,Total,20,273
2024,Graçanicë,Total,21,256
2024,Graçanicë,Total,22,300
2024,Graçanicë,Total,23,321
2024,Graçanicë,Total,24,269
2024,Graçanicë,Total,25,258
2024,Graçanicë,Total,26,228
2024,Graçanicë,Total,27,242
2024,Graçanicë,Total,28,243
2024,Graçanicë,Total,29,229
2024,Graçanicë,Total,30,264
2024,Graçanicë,Total,31,265
2024,Graçanicë,Total,32,256
2024,Graçanicë,Total,33,256
2024,Graçanicë,Total,34,267
2024,Graçanicë,Total,35,284
2024,Graçanicë,Total,36,304
2024,Graçanicë,Total,37,296
2024,Graçanicë,Total,38,317
2024,Graçanicë,Total,39,275
2024,Graçanicë,Total,40,291
2024,Graçanicë,Total,41,300
2024,Graçanicë,Total,42,298
2024,Graçanicë,Total,43,290
2024,Graçanicë,Total,44,289
2024,Graçanicë,Total,45,270
2024,Graçanicë,Total,46,268
2024,Graçanicë,Total,47,227
2024,Graçanicë,Total,48,257
2024,Graçanicë,Total,49,253
2024,Graçanicë,Total,50,222
2024,Graçanicë,Total,51,217
2024,Graçanicë,Total,52,232
2024,Graçanicë,Total,53,202
2024,Graçanicë,Total,54,192
2024,Graçanicë,Total,55,191
2024,Graçanicë,Total,56,204
2024,Graçanicë,Total,57,184
2024,Graçanicë,Total,58,194
2024,Graçanicë,Total,59,208
2024,Graçanicë,Total,60,185
2024,Graçanicë,Total,61,152
2024,Graçanicë,Total,62,181
2024,Graçanicë,Total,63,181
2024,Graçanicë,Total,64,216
2024,Graçanicë,Total,65,209
2024,Graçanicë,Total,66,191
2024,Graçanicë,Total,67,156
2024,Graçanicë,Total,68,165
2024,Graçanicë,Total,69,160
2024,Graçanicë,Total,70,165
2024,Graçanicë,Total,71,137
2024,Graçanicë,Total,72,121
2024,Graçanicë,Total,73,136
2024,Graçanicë,Total,74,106
2024,Graçanicë,Total,75,120
2024,Graçanicë,Total,76,87
2024,Graçanicë,Total,77,83
2024,Graçanicë,Total,78,59
2024,Graçanicë,Total,79,67
2024,Graçanicë,Total,80,65
2024,Graçanicë,Total,81,73
2024,Graçanicë,Total,82,48
2024,Graçanicë,Total,83,41
2024,Graçanicë,Total,84,40
2024,Graçanicë,Total,85+,127
2024,Graçanicë,Total,Total,18486
2024,Ranillug,Total,0,15
2024,Ranillug,Total,1,27
2024,Ranillug,Total,2,26
2024,Ranillug,Total,3,25
2024,Ranillug,Total,4,15
2024,Ranillug,Total,5,26
2024,Ranillug,Total,6,20
2024,Ranillug,Total,7,26
2024,Ranillug,Total,8,30
2024,Ranillug,Total,9,31
2024,Ranillug,Total,10,32
2024,Ranillug,Total,11,30
2024,Ranillug,Total,12,29
2024,Ranillug,Total,13,45
2024,Ranillug,Total,14,26
2024,Ranillug,Total,15,30
2024,Ranillug,Total,16,25
2024,Ranillug,Total,17,28
2024,Ranillug,Total,18,28
2024,Ranillug,Total,19,21
2024,Ranillug,Total,20,37
2024,Ranillug,Total,21,35
2024,Ranillug,Total,22,26
2024,Ranillug,Total,23,31
2024,Ranillug,Total,24,30
2024,Ranillug,Total,25,32
2024,Ranillug,Total,26,21
2024,Ranillug,Total,27,27
2024,Ranillug,Total,28,30
2024,Ranillug,Total,29,27
2024,Ranillug,Total,30,25
2024,Ranillug,Total,31,40
2024,Ranillug,Total,32,32
2024,Ranillug,Total,33,31
2024,Ranillug,Total,34,38
2024,Ranillug,Total,35,29
2024,Ranillug,Total,36,48
2024,Ranillug,Total,37,35
2024,Ranillug,Total,38,28
2024,Ranillug,Total,39,43
2024,Ranillug,Total,40,37
2024,Ranillug,Total,41,32
2024,Ranillug,Total,42,25
2024,Ranillug,Total,43,31
2024,Ranillug,Total,44,34
2024,Ranillug,Total,45,30
2024,Ranillug,Total,46,24
2024,Ranillug,Total,47,36
2024,Ranillug,Total,48,29
2024,Ranillug,Total,49,37
2024,Ranillug,Total,50,24
2024,Ranillug,Total,51,36
2024,Ranillug,Total,52,30
2024,Ranillug,Total,53,33
2024,Ranillug,Total,54,38
2024,Ranillug,Total,55,30
2024,Ranillug,Total,56,29
2024,Ranillug,Total,57,38
2024,Ranillug,Total,58,32
2024,Ranillug,Total,59,44
2024,Ranillug,Total,60,44
2024,Ranillug,Total,61,32
2024,Ranillug,Total,62,33
2024,Ranillug,Total,63,40
2024,Ranillug,Total,64,33
2024,Ranillug,Total,65,35
2024,Ranillug,Total,66,31
2024,Ranillug,Total,67,38
2024,Ranillug,Total,68,29
2024,Ranillug,Total,69,32
2024,Ranillug,Total,70,28
2024,Ranillug,Total,71,44
2024,Ranillug,Total,72,13
2024,Ranillug,Total,73,20
2024,Ranillug,Total,74,23
2024,Ranillug,Total,75,26
2024,Ranillug,Total,76,24
2024,Ranillug,Total,77,30
2024,Ranillug,Total,78,12
2024,Ranillug,Total,79,9
2024,Ranillug,Total,80,18
2024,Ranillug,Total,81,16
2024,Ranillug,Total,82,9
2024,Ranillug,Total,83,8
2024,Ranillug,Total,84,4
2024,Ranillug,Total,85+,21
2024,Ranillug,Total,Total,2481
2024,Partesh,Total,0,20
2024,Partesh,Total,1,33
2024,Partesh,Total,2,35
2024,Partesh,Total,3,38
2024,Partesh,Total,4,32
2024,Partesh,Total,5,32
2024,Partesh,Total,6,33
2024,Partesh,Total,7,38
2024,Partesh,Total,8,31
2024,Partesh,Total,9,30
2024,Partesh,Total,10,31
2024,Partesh,Total,11,31
2024,Partesh,Total,12,27
2024,Partesh,Total,13,34
2024,Partesh,Total,14,33
2024,Partesh,Total,15,27
2024,Partesh,Total,16,31
2024,Partesh,Total,17,44
2024,Partesh,Total,18,52
2024,Partesh,Total,19,38
2024,Partesh,Total,20,42
2024,Partesh,Total,21,45
2024,Partesh,Total,22,44
2024,Partesh,Total,23,33
2024,Partesh,Total,24,30
2024,Partesh,Total,25,45
2024,Partesh,Total,26,37
2024,Partesh,Total,27,39
2024,Partesh,Total,28,60
2024,Partesh,Total,29,41
2024,Partesh,Total,30,54
2024,Partesh,Total,31,41
2024,Partesh,Total,32,47
2024,Partesh,Total,33,44
2024,Partesh,Total,34,52
2024,Partesh,Total,35,42
2024,Partesh,Total,36,38
2024,Partesh,Total,37,47
2024,Partesh,Total,38,44
2024,Partesh,Total,39,34
2024,Partesh,Total,40,42
2024,Partesh,Total,41,39
2024,Partesh,Total,42,42
2024,Partesh,Total,43,26
2024,Partesh,Total,44,32
2024,Partesh,Total,45,39
2024,Partesh,Total,46,34
2024,Partesh,Total,47,40
2024,Partesh,Total,48,46
2024,Partesh,Total,49,50
2024,Partesh,Total,50,43
2024,Partesh,Total,51,44
2024,Partesh,Total,52,50
2024,Partesh,Total,53,43
2024,Partesh,Total,54,54
2024,Partesh,Total,55,52
2024,Partesh,Total,56,43
2024,Partesh,Total,57,56
2024,Partesh,Total,58,57
2024,Partesh,Total,59,55
2024,Partesh,Total,60,51
2024,Partesh,Total,61,60
2024,Partesh,Total,62,49
2024,Partesh,Total,63,47
2024,Partesh,Total,64,46
2024,Partesh,Total,65,49
2024,Partesh,Total,66,44
2024,Partesh,Total,67,25
2024,Partesh,Total,68,41
2024,Partesh,Total,69,52
2024,Partesh,Total,70,30
2024,Partesh,Total,71,42
2024,Partesh,Total,72,26
2024,Partesh,Total,73,15
2024,Partesh,Total,74,22
2024,Partesh,Total,75,24
2024,Partesh,Total,76,30
2024,Partesh,Total,77,39
2024,Partesh,Total,78,15
2024,Partesh,Total,79,16
2024,Partesh,Total,80,20
2024,Partesh,Total,81,15
2024,Partesh,Total,82,15
2024,Partesh,Total,83,11
2024,Partesh,Total,84,8
2024,Partesh,Total,85+,32
2024,Partesh,Total,Total,3240
2024,Kllokot,Total,0,46
2024,Kllokot,Total,1,41
2024,Kllokot,Total,2,36
2024,Kllokot,Total,3,46
2024,Kllokot,Total,4,48
2024,Kllokot,Total,5,37
2024,Kllokot,Total,6,42
2024,Kllokot,Total,7,52
2024,Kllokot,Total,8,37
2024,Kllokot,Total,9,28
2024,Kllokot,Total,10,42
2024,Kllokot,Total,11,48
2024,Kllokot,Total,12,39
2024,Kllokot,Total,13,47
2024,Kllokot,Total,14,43
2024,Kllokot,Total,15,46
2024,Kllokot,Total,16,34
2024,Kllokot,Total,17,31
2024,Kllokot,Total,18,47
2024,Kllokot,Total,19,49
2024,Kllokot,Total,20,47
2024,Kllokot,Total,21,47
2024,Kllokot,Total,22,56
2024,Kllokot,Total,23,53
2024,Kllokot,Total,24,47
2024,Kllokot,Total,25,52
2024,Kllokot,Total,26,54
2024,Kllokot,Total,27,64
2024,Kllokot,Total,28,44
2024,Kllokot,Total,29,45
2024,Kllokot,Total,30,47
2024,Kllokot,Total,31,60
2024,Kllokot,Total,32,52
2024,Kllokot,Total,33,48
2024,Kllokot,Total,34,49
2024,Kllokot,Total,35,36
2024,Kllokot,Total,36,33
2024,Kllokot,Total,37,43
2024,Kllokot,Total,38,34
2024,Kllokot,Total,39,36
2024,Kllokot,Total,40,34
2024,Kllokot,Total,41,38
2024,Kllokot,Total,42,24
2024,Kllokot,Total,43,37
2024,Kllokot,Total,44,27
2024,Kllokot,Total,45,31
2024,Kllokot,Total,46,36
2024,Kllokot,Total,47,37
2024,Kllokot,Total,48,33
2024,Kllokot,Total,49,39
2024,Kllokot,Total,50,32
2024,Kllokot,Total,51,46
2024,Kllokot,Total,52,40
2024,Kllokot,Total,53,48
2024,Kllokot,Total,54,55
2024,Kllokot,Total,55,44
2024,Kllokot,Total,56,52
2024,Kllokot,Total,57,28
2024,Kllokot,Total,58,46
2024,Kllokot,Total,59,42
2024,Kllokot,Total,60,43
2024,Kllokot,Total,61,39
2024,Kllokot,Total,62,25
2024,Kllokot,Total,63,36
2024,Kllokot,Total,64,18
2024,Kllokot,Total,65,24
2024,Kllokot,Total,66,23
2024,Kllokot,Total,67,17
2024,Kllokot,Total,68,20
2024,Kllokot,Total,69,21
2024,Kllokot,Total,70,25
2024,Kllokot,Total,71,25
2024,Kllokot,Total,72,16
2024,Kllokot,Total,73,21
2024,Kllokot,Total,74,14
2024,Kllokot,Total,75,13
2024,Kllokot,Total,76,18
2024,Kllokot,Total,77,10
2024,Kllokot,Total,78,7
2024,Kllokot,Total,79,8
2024,Kllokot,Total,80,12
2024,Kllokot,Total,81,11
2024,Kllokot,Total,82,11
2024,Kllokot,Total,83,8
2024,Kllokot,Total,84,7
2024,Kllokot,Total,85+,14
2024,Kllokot,Total,Total,3041
2024,Mitrovica Veriore,Total,0,62
2024,Mitrovica Veriore,Total,1,59
2024,Mitrovica Veriore,Total,2,57
2024,Mitrovica Veriore,Total,3,59
2024,Mitrovica Veriore,Total,4,71
2024,Mitrovica Veriore,Total,5,89
2024,Mitrovica Veriore,Total,6,65
2024,Mitrovica Veriore,Total,7,76
2024,Mitrovica Veriore,Total,8,67
2024,Mitrovica Veriore,Total,9,63
2024,Mitrovica Veriore,Total,10,80
2024,Mitrovica Veriore,Total,11,92
2024,Mitrovica Veriore,Total,12,83
2024,Mitrovica Veriore,Total,13,84
2024,Mitrovica Veriore,Total,14,80
2024,Mitrovica Veriore,Total,15,84
2024,Mitrovica Veriore,Total,16,82
2024,Mitrovica Veriore,Total,17,102
2024,Mitrovica Veriore,Total,18,84
2024,Mitrovica Veriore,Total,19,88
2024,Mitrovica Veriore,Total,20,93
2024,Mitrovica Veriore,Total,21,95
2024,Mitrovica Veriore,Total,22,92
2024,Mitrovica Veriore,Total,23,89
2024,Mitrovica Veriore,Total,24,81
2024,Mitrovica Veriore,Total,25,78
2024,Mitrovica Veriore,Total,26,76
2024,Mitrovica Veriore,Total,27,83
2024,Mitrovica Veriore,Total,28,88
2024,Mitrovica Veriore,Total,29,89
2024,Mitrovica Veriore,Total,30,79
2024,Mitrovica Veriore,Total,31,83
2024,Mitrovica Veriore,Total,32,93
2024,Mitrovica Veriore,Total,33,99
2024,Mitrovica Veriore,Total,34,107
2024,Mitrovica Veriore,Total,35,100
2024,Mitrovica Veriore,Total,36,107
2024,Mitrovica Veriore,Total,37,110
2024,Mitrovica Veriore,Total,38,120
2024,Mitrovica Veriore,Total,39,108
2024,Mitrovica Veriore,Total,40,125
2024,Mitrovica Veriore,Total,41,120
2024,Mitrovica Veriore,Total,42,99
2024,Mitrovica Veriore,Total,43,117
2024,Mitrovica Veriore,Total,44,117
2024,Mitrovica Veriore,Total,45,108
2024,Mitrovica Veriore,Total,46,110
2024,Mitrovica Veriore,Total,47,113
2024,Mitrovica Veriore,Total,48,130
2024,Mitrovica Veriore,Total,49,130
2024,Mitrovica Veriore,Total,50,112
2024,Mitrovica Veriore,Total,51,98
2024,Mitrovica Veriore,Total,52,100
2024,Mitrovica Veriore,Total,53,101
2024,Mitrovica Veriore,Total,54,104
2024,Mitrovica Veriore,Total,55,92
2024,Mitrovica Veriore,Total,56,103
2024,Mitrovica Veriore,Total,57,97
2024,Mitrovica Veriore,Total,58,92
2024,Mitrovica Veriore,Total,59,95
2024,Mitrovica Veriore,Total,60,120
2024,Mitrovica Veriore,Total,61,119
2024,Mitrovica Veriore,Total,62,128
2024,Mitrovica Veriore,Total,63,134
2024,Mitrovica Veriore,Total,64,144
2024,Mitrovica Veriore,Total,65,140
2024,Mitrovica Veriore,Total,66,119
2024,Mitrovica Veriore,Total,67,116
2024,Mitrovica Veriore,Total,68,128
2024,Mitrovica Veriore,Total,69,124
2024,Mitrovica Veriore,Total,70,115
2024,Mitrovica Veriore,Total,71,112
2024,Mitrovica Veriore,Total,72,103
2024,Mitrovica Veriore,Total,73,96
2024,Mitrovica Veriore,Total,74,97
2024,Mitrovica Veriore,Total,75,76
2024,Mitrovica Veriore,Total,76,78
2024,Mitrovica Veriore,Total,77,56
2024,Mitrovica Veriore,Total,78,47
2024,Mitrovica Veriore,Total,79,32
2024,Mitrovica Veriore,Total,80,37
2024,Mitrovica Veriore,Total,81,31
2024,Mitrovica Veriore,Total,82,36
2024,Mitrovica Veriore,Total,83,39
2024,Mitrovica Veriore,Total,84,44
2024,Mitrovica Veriore,Total,85+,89
2024,Mitrovica Veriore,Total,Total,7920
