month,currency,statinfo,value,flag
2021-01,ALL,AVG,123.53,NA
2021-02,ALL,AVG,123.61,NA
2021-03,ALL,AVG,123.33571,NA
2021-04,ALL,AVG,123.1,NA
2021-05,ALL,AVG,123.01,NA
2021-06,ALL,AVG,122.83,NA
2021-07,ALL,AVG,122.32,NA
2021-08,ALL,AVG,121.55,NA
2021-09,ALL,AVG,121.59,NA
2021-10,ALL,AVG,121.71,NA
2021-11,ALL,AVG,122.13,NA
2021-12,ALL,AVG,120.81,NA
2022-01,ALL,AVG,121.49,NA
2022-02,ALL,AVG,121.32,NA
2022-03,ALL,AVG,122.96,NA
2022-04,ALL,AVG,121,NA
2022-05,ALL,AVG,120.47,NA
2022-06,ALL,AVG,119.8,NA
2022-07,ALL,AVG,117.47,NA
2022-08,ALL,AVG,116.97,NA
2022-09,ALL,AVG,116.99,NA
2022-10,ALL,AVG,117.25,NA
2022-11,ALL,AVG,117.12,NA
2022-12,ALL,AVG,114.93,NA
2023-01,ALL,AVG,116.39,NA
2023-02,ALL,AVG,115.72,NA
2023-03,ALL,AVG,114.35,NA
2023-04,ALL,AVG,112.38,NA
2023-05,ALL,AVG,111.1,NA
2023-06,ALL,AVG,107.26,NA
2023-07,ALL,AVG,103.24,NA
2023-08,ALL,AVG,105.67,NA
2023-09,ALL,AVG,106.85,NA
2023-10,ALL,AVG,105.77,NA
2023-11,ALL,AVG,104.09,NA
2023-12,ALL,AVG,102.78,NA
2024-01,ALL,AVG,103.91,NA
2024-02,ALL,AVG,103.91,NA
2024-03,ALL,AVG,103.57,NA
2024-04,ALL,AVG,101.48,NA
2024-05,ALL,AVG,100.52,NA
2024-06,ALL,AVG,100.35,NA
2024-07,ALL,AVG,100.31,NA
2024-08,ALL,AVG,99.97,NA
2024-09,ALL,AVG,99.35,NA
2024-10,ALL,AVG,98.68,NA
2024-11,ALL,AVG,98.21,NA
2024-12,ALL,AVG,98.3,NA
2025-01,ALL,AVG,98.51,NA
2025-02,ALL,AVG,99.03,NA
2025-03,ALL,AVG,99.23,NA
2025-04,ALL,AVG,98.71,NA
2025-05,ALL,AVG,98.21,NA
2025-06,ALL,AVG,98.07,NA
2025-07,ALL,AVG,97.72,NA
2025-08,ALL,AVG,97.29,NA
2025-09,ALL,AVG,97.07,NA
2025-10,ALL,AVG,96.74,NA
2025-11,ALL,AVG,96.66,NA
2025-12,ALL,AVG,96.54,NA
2026-01,ALL,AVG,96.56,NA
2026-02,ALL,AVG,96.44,NA
2026-03,ALL,AVG,96.04,NA
2026-04,ALL,AVG,95.68,NA
2026-05,ALL,AVG,95.48,NA
2026-06,ALL,AVG,94.79,NA
2026-07,ALL,AVG,93.73,NA
2026-08,ALL,AVG,92.78,NA
2021-01,MKD,AVG,61.6948,NA
2021-02,MKD,AVG,61.6948,NA
2021-03,MKD,AVG,61.6928,NA
2021-04,MKD,AVG,61.5994,NA
2021-05,MKD,AVG,61.5539,NA
2021-06,MKD,AVG,61.6837,NA
2021-07,MKD,AVG,61.566,NA
2021-08,MKD,AVG,61.4939,NA
2021-09,MKD,AVG,61.6089,NA
2021-10,MKD,AVG,61.6919,NA
2021-11,MKD,AVG,61.6945,NA
2021-12,MKD,AVG,61.6668,NA
2022-01,MKD,AVG,61.6909,NA
2022-02,MKD,AVG,61.6952,NA
2022-03,MKD,AVG,61.6951,NA
2022-04,MKD,AVG,61.6344,NA
2022-05,MKD,AVG,61.6743,NA
2022-06,MKD,AVG,61.6951,NA
2022-07,MKD,AVG,61.5511,NA
2022-08,MKD,AVG,61.4947,NA
2022-09,MKD,AVG,61.4949,NA
2022-10,MKD,AVG,61.5299,NA
2022-11,MKD,AVG,61.6952,NA
2022-12,MKD,AVG,61.6271,NA
2023-01,MKD,AVG,61.6226,NA
2023-02,MKD,AVG,61.695,NA
2023-03,MKD,AVG,61.6908,NA
2023-04,MKD,AVG,61.6373,NA
2023-05,MKD,AVG,61.5045,NA
2023-06,MKD,AVG,61.5486,NA
2023-07,MKD,AVG,61.4964,NA
2023-08,MKD,AVG,61.4932,NA
2023-09,MKD,AVG,61.5288,NA
2023-10,MKD,AVG,61.5058,NA
2023-11,MKD,AVG,61.4957,NA
2023-12,MKD,AVG,61.4937,NA
2024-01,MKD,AVG,61.6071,NA
2024-02,MKD,AVG,61.6949,NA
2024-03,MKD,AVG,61.5662,NA
2024-04,MKD,AVG,61.494,NA
2024-05,MKD,AVG,61.2781,NA
2024-06,MKD,AVG,61.5554,NA
2024-07,MKD,AVG,61.5043,NA
2024-08,MKD,AVG,61.492,NA
2024-09,MKD,AVG,61.4939,NA
2024-10,MKD,AVG,61.4944,NA
2024-11,MKD,AVG,61.4939,NA
2024-12,MKD,AVG,61.4946,NA
2025-01,MKD,AVG,61.5492,NA
2025-02,MKD,AVG,61.5158,NA
2025-03,MKD,AVG,61.6606,NA
2025-04,MKD,AVG,61.5787,NA
2025-05,MKD,AVG,61.6594,NA
2025-06,MKD,AVG,61.6094,NA
2025-07,MKD,AVG,61.6661,NA
2025-08,MKD,AVG,61.5331,NA
2025-09,MKD,AVG,61.5645,NA
2025-10,MKD,AVG,61.634,NA
2025-11,MKD,AVG,61.5436,NA
2025-12,MKD,AVG,61.5407,NA
2026-01,MKD,AVG,61.5868,NA
2026-02,MKD,AVG,61.6831,NA
2026-03,MKD,AVG,61.6952,NA
2026-04,MKD,AVG,61.695,NA
2026-05,MKD,AVG,61.6951,NA
2026-06,MKD,AVG,61.6642,NA
2026-07,MKD,AVG,61.5761,NA
2026-08,MKD,AVG,61.4935,NA
2021-01,RSD,AVG,117.582,NA
2021-02,RSD,AVG,117.5764,NA
2021-03,RSD,AVG,117.5766,NA
2021-04,RSD,AVG,117.5728,NA
2021-05,RSD,AVG,117.5789,NA
2021-06,RSD,AVG,117.5703,NA
2021-07,RSD,AVG,117.5629,NA
2021-08,RSD,AVG,117.5675,NA
2021-09,RSD,AVG,117.5668,NA
2021-10,RSD,AVG,117.5674,NA
2021-11,RSD,AVG,117.5806,NA
2021-12,RSD,AVG,117.5801,NA
2022-01,RSD,AVG,117.5843,NA
2022-02,RSD,AVG,117.5907,NA
2022-03,RSD,AVG,117.6766,NA
2022-04,RSD,AVG,117.7275,NA
2022-05,RSD,AVG,117.5572,NA
2022-06,RSD,AVG,117.4297,NA
2022-07,RSD,AVG,117.3938,NA
2022-08,RSD,AVG,117.355,NA
2022-09,RSD,AVG,117.3246,NA
2022-10,RSD,AVG,117.3129,NA
2022-11,RSD,AVG,117.3086,NA
2022-12,RSD,AVG,117.3097,NA
2023-01,RSD,AVG,117.3635,NA
2023-02,RSD,AVG,117.3266,NA
2023-03,RSD,AVG,117.3144,NA
2023-04,RSD,AVG,117.2824,NA
2023-05,RSD,AVG,117.2831,NA
2023-06,RSD,AVG,117.2731,NA
2023-07,RSD,AVG,117.2269,NA
2023-08,RSD,AVG,117.2139,NA
2023-09,RSD,AVG,117.2015,NA
2023-10,RSD,AVG,117.1852,NA
2023-11,RSD,AVG,117.1934,NA
2023-12,RSD,AVG,117.174,NA
2024-01,RSD,AVG,117.2102,NA
2024-02,RSD,AVG,117.1795,NA
2024-03,RSD,AVG,117.1912,NA
2024-04,RSD,AVG,117.1384,NA
2024-05,RSD,AVG,117.1161,NA
2024-06,RSD,AVG,117.0715,NA
2024-07,RSD,AVG,117.0507,NA
2024-08,RSD,AVG,117.0366,NA
2024-09,RSD,AVG,117.0461,NA
2024-10,RSD,AVG,117.0341,NA
2024-11,RSD,AVG,116.9936,NA
2024-12,RSD,AVG,116.973,NA
2025-01,RSD,AVG,117.1216,NA
2025-02,RSD,AVG,117.1386,NA
2025-03,RSD,AVG,117.1713,NA
2025-04,RSD,AVG,117.2029,NA
2025-05,RSD,AVG,117.2275,NA
2025-06,RSD,AVG,117.2074,NA
2025-07,RSD,AVG,117.1756,NA
2025-08,RSD,AVG,117.1725,NA
2025-09,RSD,AVG,117.1773,NA
2025-10,RSD,AVG,117.1952,NA
2025-11,RSD,AVG,117.2495,NA
2025-12,RSD,AVG,117.3751,NA
2026-01,RSD,AVG,117.3644,NA
2026-02,RSD,AVG,117.3998,NA
2026-03,RSD,AVG,117.4164,NA
2026-04,RSD,AVG,117.3931,NA
2026-05,RSD,AVG,117.3973,NA
2026-06,RSD,AVG,117.3892,NA
2026-07,RSD,AVG,117.3836,NA
2026-08,RSD,AVG,117.3635,NA
2021-01,ALL,END,123.61,NA
2021-02,ALL,END,123.67,NA
2021-03,ALL,END,123.16,NA
2021-04,ALL,END,123.19,NA
2021-05,ALL,END,123.05,NA
2021-06,ALL,END,122.67,NA
2021-07,ALL,END,121.8,NA
2021-08,ALL,END,121.95,NA
2021-09,ALL,END,121.54,NA
2021-10,ALL,END,122.84,NA
2021-11,ALL,END,121.19,NA
2021-12,ALL,END,120.76,NA
2022-01,ALL,END,120.9,NA
2022-02,ALL,END,121.32,NA
2022-03,ALL,END,121.62,NA
2022-04,ALL,END,121.1,NA
2022-05,ALL,END,120.75,NA
2022-06,ALL,END,119.13,NA
2022-07,ALL,END,116.78,NA
2022-08,ALL,END,117.19,NA
2022-09,ALL,END,116.6,NA
2022-10,ALL,END,118.07,NA
2022-11,ALL,END,116.86,NA
2022-12,ALL,END,114.23,NA
2023-01,ALL,END,116.55,NA
2023-02,ALL,END,115.04,NA
2023-03,ALL,END,113.21,NA
2023-04,ALL,END,111.12,NA
2023-05,ALL,END,109.69,NA
2023-06,ALL,END,106.44,NA
2023-07,ALL,END,102.87,NA
2023-08,ALL,END,108.21,NA
2023-09,ALL,END,106.63,NA
2023-10,ALL,END,105.55,NA
2023-11,ALL,END,101.92,NA
2023-12,ALL,END,103.88,NA
2024-01,ALL,END,103.9,NA
2024-02,ALL,END,103.99,NA
2024-03,ALL,END,102.87,NA
2024-04,ALL,END,100.64,NA
2024-05,ALL,END,100.86,NA
2024-06,ALL,END,100.31,NA
2024-07,ALL,END,100.22,NA
2024-08,ALL,END,99.65,NA
2024-09,ALL,END,98.77,NA
2024-10,ALL,END,98.29,NA
2024-11,ALL,END,98.35,NA
2024-12,ALL,END,98.15,NA
2025-01,ALL,END,99.8,NA
2025-02,ALL,END,99.23,NA
2025-03,ALL,END,99.29,NA
2025-04,ALL,END,98.71,NA
2025-05,ALL,END,98.39,NA
2025-06,ALL,END,98.08,NA
2025-07,ALL,END,97.47,NA
2025-08,ALL,END,97.88,NA
2025-09,ALL,END,96.82,NA
2025-10,ALL,END,96.83,NA
2025-11,ALL,END,96.7,NA
2025-12,ALL,END,96.77,NA
2026-01,ALL,END,96.7,NA
2026-02,ALL,END,96.36,NA
2026-03,ALL,END,96.03,NA
2026-04,ALL,END,95.53,NA
2026-05,ALL,END,95.45,NA
2026-06,ALL,END,94.14,NA
2026-07,ALL,END,93.53,NA
2026-08,ALL,END,92.36,NA
2021-01,MKD,END,61.6947,NA
2021-02,MKD,END,61.6949,NA
2021-03,MKD,END,61.6454,NA
2021-04,MKD,END,61.605,NA
2021-05,MKD,END,61.5797,NA
2021-06,MKD,END,61.695,NA
2021-07,MKD,END,61.476,NA
2021-08,MKD,END,61.495,NA
2021-09,MKD,END,61.6948,NA
2021-10,MKD,END,61.695,NA
2021-11,MKD,END,61.695,NA
2021-12,MKD,END,61.627,NA
2022-01,MKD,END,61.695,NA
2022-02,MKD,END,61.695,NA
2022-03,MKD,END,61.695,NA
2022-04,MKD,END,61.545,NA
2022-05,MKD,END,61.695,NA
2022-06,MKD,END,61.695,NA
2022-07,MKD,END,61.495,NA
2022-08,MKD,END,61.493,NA
2022-09,MKD,END,61.495,NA
2022-10,MKD,END,61.6948,NA
2022-11,MKD,END,61.695,NA
2022-12,MKD,END,61.4939,NA
2023-01,MKD,END,61.6948,NA
2023-02,MKD,END,61.695,NA
2023-03,MKD,END,61.695,NA
2023-04,MKD,END,61.515,NA
2023-05,MKD,END,61.495,NA
2023-06,MKD,END,61.632,NA
2023-07,MKD,END,61.495,NA
2023-08,MKD,END,61.4885,NA
2023-09,MKD,END,61.5047,NA
2023-10,MKD,END,61.5103,NA
2023-11,MKD,END,61.4928,NA
2023-12,MKD,END,61.493,NA
2024-01,MKD,END,61.695,NA
2024-02,MKD,END,61.6943,NA
2024-03,MKD,END,61.5094,NA
2024-04,MKD,END,61.4901,NA
2024-05,MKD,END,61.5572,NA
2024-06,MKD,END,61.535,NA
2024-07,MKD,END,61.4835,NA
2024-08,MKD,END,61.4833,NA
2024-09,MKD,END,61.4925,NA
2024-10,MKD,END,61.4892,NA
2024-11,MKD,END,61.493,NA
2024-12,MKD,END,61.495,NA
2025-01,MKD,END,61.4958,NA
2025-02,MKD,END,61.624,NA
2025-03,MKD,END,61.695,NA
2025-04,MKD,END,61.6323,NA
2025-05,MKD,END,61.6913,NA
2025-06,MKD,END,61.656,NA
2025-07,MKD,END,61.625,NA
2025-08,MKD,END,61.487,NA
2025-09,MKD,END,61.6946,NA
2025-10,MKD,END,61.5726,NA
2025-11,MKD,END,61.6888,NA
2025-12,MKD,END,61.495,NA
2026-01,MKD,END,61.695,NA
2026-02,MKD,END,61.695,NA
2026-03,MKD,END,61.696,NA
2026-04,MKD,END,61.695,NA
2026-05,MKD,END,61.6948,NA
2026-06,MKD,END,61.6938,NA
2026-07,MKD,END,61.495,NA
2026-08,MKD,END,61.491,NA
2021-01,RSD,END,117.5708,NA
2021-02,RSD,END,117.5751,NA
2021-03,RSD,END,117.5801,NA
2021-04,RSD,END,117.5847,NA
2021-05,RSD,END,117.5708,NA
2021-06,RSD,END,117.566,NA
2021-07,RSD,END,117.5668,NA
2021-08,RSD,END,117.5605,NA
2021-09,RSD,END,117.5595,NA
2021-10,RSD,END,117.5843,NA
2021-11,RSD,END,117.5738,NA
2021-12,RSD,END,117.5821,NA
2022-01,RSD,END,117.5851,NA
2022-02,RSD,END,117.6594,NA
2022-03,RSD,END,117.7508,NA
2022-04,RSD,END,117.6768,NA
2022-05,RSD,END,117.5161,NA
2022-06,RSD,END,117.4055,NA
2022-07,RSD,END,117.3649,NA
2022-08,RSD,END,117.3686,NA
2022-09,RSD,END,117.3179,NA
2022-10,RSD,END,117.3088,NA
2022-11,RSD,END,117.3271,NA
2022-12,RSD,END,117.3224,NA
2023-01,RSD,END,117.3742,NA
2023-02,RSD,END,117.3087,NA
2023-03,RSD,END,117.2933,NA
2023-04,RSD,END,117.2719,NA
2023-05,RSD,END,117.2745,NA
2023-06,RSD,END,117.2301,NA
2023-07,RSD,END,117.2246,NA
2023-08,RSD,END,117.2106,NA
2023-09,RSD,END,117.1996,NA
2023-10,RSD,END,117.1777,NA
2023-11,RSD,END,117.2078,NA
2023-12,RSD,END,117.1737,NA
2024-01,RSD,END,117.1756,NA
2024-02,RSD,END,117.1769,NA
2024-03,RSD,END,117.1415,NA
2024-04,RSD,END,117.1117,NA
2024-05,RSD,END,117.1015,NA
2024-06,RSD,END,117.049,NA
2024-07,RSD,END,117.0553,NA
2024-08,RSD,END,117.0222,NA
2024-09,RSD,END,117.084,NA
2024-10,RSD,END,117.0266,NA
2024-11,RSD,END,116.9651,NA
2024-12,RSD,END,117.0149,NA
2025-01,RSD,END,117.1203,NA
2025-02,RSD,END,117.1844,NA
2025-03,RSD,END,117.2106,NA
2025-04,RSD,END,117.1924,NA
2025-05,RSD,END,117.2105,NA
2025-06,RSD,END,117.174,NA
2025-07,RSD,END,117.1734,NA
2025-08,RSD,END,117.1749,NA
2025-09,RSD,END,117.2004,NA
2025-10,RSD,END,117.2395,NA
2025-11,RSD,END,117.3875,NA
2025-12,RSD,END,117.282,NA
2026-01,RSD,END,117.4188,NA
2026-02,RSD,END,117.4013,NA
2026-03,RSD,END,117.4225,NA
2026-04,RSD,END,117.3952,NA
2026-05,RSD,END,117.4175,NA
2026-06,RSD,END,117.3697,NA
2026-07,RSD,END,117.3963,NA
2026-08,RSD,END,117.3531,NA
