code,type,title,last_update,geos,parsed,n_geo,has_BA,wb_present
ei_cphi_m,table,Harmonised index of consumer prices - monthly data,17.09.2026,"EU,EU27_2020,EA,EA21,EA20,BE,BG,CZ,DK,DE,EE,IE,EL,ES,FR,HR,IT,CY,LV,LT,LU,HU,MT,NL,AT,PL,PT,RO,SI,SK,FI,SE,IS,LI,NO,CH,UK,BA,ME,MK,AL,RS,TR,XK,US,JP,EA19,EEA,GE",TRUE,49,TRUE,XK ME RS AL MK
prc_hicp_admp,dataset,Harmonised index of consumer prices (HICP) - ECOICOP ver.2 - administered prices composition,17.07.2026,"BE,BG,CZ,DK,DE,EE,IE,EL,ES,FR,HR,IT,CY,LV,LT,LU,HU,MT,NL,AT,PL,PT,RO,SI,SK,FI,SE,NO,CH,ME,MK,GE,AL,RS,TR,XK",TRUE,36,FALSE,XK ME RS AL MK
prc_hicp_aind,dataset,HICP - annual data (average index and rate of change) (1996-2025),06.02.2026,"EU,EU27_2020,EU28,EA,EA20,EA19,BE,BG,CZ,DK,DE,EE,IE,EL,ES,FR,HR,IT,CY,LV,LT,LU,HU,MT,NL,AT,PL,PT,RO,SI,SK,FI,SE,EEA,IS,NO,CH,UK,ME,MK,AL,RS,TR,XK,US",TRUE,45,FALSE,XK ME RS AL MK
prc_hicp_ainr,dataset,"Harmonised index of consumer prices (HICP) - ECOICOP ver.2 - indices and rates of change, annual data",17.09.2026,"EU,EU27_2020,EA,EA21,EA20,EA19,BE,BG,CZ,DK,DE,EE,IE,EL,ES,FR,HR,IT,CY,LV,LT,LU,HU,MT,NL,AT,PL,PT,RO,SI,SK,FI,SE,EEA,IS,NO,CH,UK,ME,MK,GE,AL,RS,TR,XK,US",TRUE,46,FALSE,XK ME RS AL MK
prc_hicp_apc,dataset,HICP - administered prices (composition) (2001-2025),06.02.2026,"BE,BG,CZ,DK,DE,EE,IE,EL,ES,FR,HR,IT,CY,LV,LT,LU,HU,MT,NL,AT,PL,PT,RO,SI,SK,FI,SE,NO,CH,UK,ME,MK,AL,RS",TRUE,34,FALSE,ME RS AL MK
prc_hicp_cann,dataset,HICP at constant tax rates - monthly data (annual rate of change) (2003-2025),06.02.2026,"EU,EU27_2020,EU28,EA,EA20,EA19,BE,BG,CZ,DK,DE,EE,IE,EL,ES,FR,HR,IT,CY,LV,LT,LU,HU,MT,NL,AT,PL,PT,RO,SI,SK,FI,SE,EEA,NO,UK,ME,MK,RS",TRUE,39,FALSE,ME RS MK
prc_hicp_cind,dataset,HICP at constant tax rates - monthly data (index) (2002-2025),06.02.2026,"EU,EU27_2020,EU28,EA,EA20,EA19,BE,BG,CZ,DK,DE,EE,IE,EL,ES,FR,HR,IT,CY,LV,LT,LU,HU,MT,NL,AT,PL,PT,RO,SI,SK,FI,SE,EEA,NO,UK,ME,MK,RS",TRUE,39,FALSE,ME RS MK
prc_hicp_cmon,dataset,HICP at constant tax rates - monthly data (monthly rate of change) (2002-2025),06.02.2026,"EU,EU27_2020,EU28,EA,EA20,EA19,BE,BG,CZ,DK,DE,EE,IE,EL,ES,FR,HR,IT,CY,LV,LT,LU,HU,MT,NL,AT,PL,PT,RO,SI,SK,FI,SE,EEA,NO,UK,ME,MK,RS",TRUE,39,FALSE,ME RS MK
prc_hicp_cow,dataset,HICP - country weights (1996-2025),20.08.2025,"EU,EU27_2020,EU28,EA,EA20,EA19,BE,BG,CZ,DK,DE,EE,IE,EL,ES,FR,HR,IT,CY,LV,LT,LU,HU,MT,NL,AT,PL,PT,RO,SI,SK,FI,SE,EEA,IS,NO,UK",TRUE,37,FALSE,
prc_hicp_ct,dataset,"Harmonised index of consumer prices (HICP) - ECOICOP ver.2 - indices and rates of change at constant tax rates, monthly data",17.09.2026,"EU,EU27_2020,EA,EA21,EA20,EA19,BE,BG,CZ,DK,DE,EE,IE,EL,ES,FR,HR,IT,CY,LV,LT,LU,HU,MT,NL,AT,PL,PT,RO,SI,SK,FI,SE,NO,UK,ME,MK,GE,RS,XK",TRUE,40,FALSE,XK ME RS MK
prc_hicp_ctr,dataset,Harmonised index of consumer prices (HICP) - ECOICOP ver.2 - contributions to euro area annual inflation,17.09.2026,EA,TRUE,1,FALSE,
prc_hicp_ctrb,dataset,HICP - contributions to EA annual inflation (in percentage points) (2002-2025),06.02.2026,EA,TRUE,1,FALSE,
prc_hicp_cw,dataset,Harmonised index of consumer prices (HICP) - ECOICOP ver.2 - country weights,17.07.2026,"EU,EU27_2020,EA,EA21,EA20,EA19,BE,BG,CZ,DK,DE,EE,IE,EL,ES,FR,HR,IT,CY,LV,LT,LU,HU,MT,NL,AT,PL,PT,RO,SI,SK,FI,SE,EEA,IS,NO,UK",TRUE,37,FALSE,
prc_hicp_fp,dataset,HICP - first published data (monthly index and annual rate of change) (1996-2025),06.02.2026,"EU,EU27_2020,EU28,EA,EA20,EA19,EA18,BE,BG,CZ,DK,DE,EE,IE,EL,ES,FR,HR,IT,CY,LV,LT,LU,HU,MT,NL,AT,PL,PT,RO,SI,SK,FI,SE,EEA,IS,NO,CH,UK,ME,MK,AL,RS,TR,US",TRUE,45,FALSE,ME RS AL MK
prc_hicp_fpd,dataset,Harmonised index of consumer prices (HICP) - ECOICOP ver.2 - first released data,17.09.2026,"EU,EU27_2020,EA,EA21,EA20,EA19,BE,BG,CZ,DK,DE,EE,IE,EL,ES,FR,HR,IT,CY,LV,LT,LU,HU,MT,NL,AT,PL,PT,RO,SI,SK,FI,SE,EEA,IS,NO,CH,UK,ME,MK,GE,AL,RS,TR,XK,US",TRUE,46,FALSE,XK ME RS AL MK
prc_hicp_inw,dataset,HICP - item weights (1996-2025),20.08.2025,"EU,EU27_2020,EU28,EA,EA20,EA19,BE,BG,CZ,DK,DE,EE,IE,EL,ES,FR,HR,IT,CY,LV,LT,LU,HU,MT,NL,AT,PL,PT,RO,SI,SK,FI,SE,EEA,IS,NO,CH,UK,ME,MK,AL,RS,TR,XK,US",TRUE,45,FALSE,XK ME RS AL MK
prc_hicp_iw,dataset,Harmonised index of consumer prices (HICP) - ECOICOP ver.2 - item weights,17.09.2026,"EU,EU27_2020,EA,EA21,EA20,EA19,BE,BG,CZ,DK,DE,EE,IE,EL,ES,FR,HR,IT,CY,LV,LT,LU,HU,MT,NL,AT,PL,PT,RO,SI,SK,FI,SE,EEA,IS,NO,CH,UK,ME,MK,GE,AL,RS,TR,XK,US",TRUE,46,FALSE,XK ME RS AL MK
prc_hicp_manr,dataset,HICP - monthly data (annual rate of change) (1997-2025),06.02.2026,"EU,EU27_2020,EU28,EA,EA20,EA19,BE,BG,CZ,DK,DE,EE,IE,EL,ES,FR,HR,IT,CY,LV,LT,LU,HU,MT,NL,AT,PL,PT,RO,SI,SK,FI,SE,EEA,IS,NO,CH,UK,ME,MK,AL,RS,TR,XK,US",TRUE,45,FALSE,XK ME RS AL MK
prc_hicp_midx,dataset,HICP - monthly data (index) (1996-2025),06.02.2026,"EU,EU27_2020,EU28,EA,EA20,EA19,BE,BG,CZ,DK,DE,EE,IE,EL,ES,FR,HR,IT,CY,LV,LT,LU,HU,MT,NL,AT,PL,PT,RO,SI,SK,FI,SE,EEA,IS,NO,CH,UK,ME,MK,AL,RS,TR,XK,US",TRUE,45,FALSE,XK ME RS AL MK
prc_hicp_minr,dataset,"Harmonised index of consumer prices (HICP) - ECOICOP ver.2 - indices and rates of change, monthly data",17.09.2026,"EU,EU27_2020,EA,EA21,EA20,EA19,BE,BG,CZ,DK,DE,EE,IE,EL,ES,FR,HR,IT,CY,LV,LT,LU,HU,MT,NL,AT,PL,PT,RO,SI,SK,FI,SE,EEA,IS,NO,CH,UK,ME,MK,GE,AL,RS,TR,XK,US",TRUE,46,FALSE,XK ME RS AL MK
prc_hicp_mmor,dataset,HICP - monthly data (monthly rate of change) (1996-2025),06.02.2026,"EU,EU27_2020,EU28,EA,EA20,EA19,BE,BG,CZ,DK,DE,EE,IE,EL,ES,FR,HR,IT,CY,LV,LT,LU,HU,MT,NL,AT,PL,PT,RO,SI,SK,FI,SE,EEA,IS,NO,CH,UK,ME,MK,AL,RS,TR,XK,US",TRUE,45,FALSE,XK ME RS AL MK
prc_hicp_mv12r,dataset,HICP - monthly data (12-month average rate of change) (1997-2025),06.02.2026,"EU,EU27_2020,EU28,EA,EA20,EA19,BE,BG,CZ,DK,DE,EE,IE,EL,ES,FR,HR,IT,CY,LV,LT,LU,HU,MT,NL,AT,PL,PT,RO,SI,SK,FI,SE,EEA,IS,NO,CH,UK,ME,MK,AL,RS,TR,XK,US",TRUE,45,FALSE,XK ME RS AL MK
tec00027,table,HICP - all items - annual average indices,17.09.2026,"EU27_2020,EA21,EA20,EA19,BE,BG,CZ,DK,DE,EE,IE,EL,ES,FR,HR,IT,CY,LV,LT,LU,HU,MT,NL,AT,PL,PT,RO,SI,SK,FI,SE,IS,LI,NO,CH,UK,ME,MK,AL,RS,TR,GE,US,XK",TRUE,44,FALSE,XK ME RS AL MK
tec00118,table,HICP - inflation rate,17.09.2026,"EU27_2020,EA21,EA20,EA19,BE,BG,CZ,DK,DE,EE,IE,EL,ES,FR,HR,IT,CY,LV,LT,LU,HU,MT,NL,AT,PL,PT,RO,SI,SK,FI,SE,IS,LI,NO,CH,UK,ME,MK,AL,RS,TR,US,XK",TRUE,43,FALSE,XK ME RS AL MK
teicp000,table,HICP - all items,17.09.2026,"EU,EU27_2020,EA,EA21,EA20,BE,BG,CZ,DK,DE,EE,IE,EL,ES,FR,HR,IT,CY,LV,LT,LU,HU,MT,NL,AT,PL,PT,RO,SI,SK,FI,SE,IS,NO,CH,UK,ME,MK,AL,RS,TR,XK,US",TRUE,43,FALSE,XK ME RS AL MK
teicp010,table,HICP - food,17.09.2026,"EU,EU27_2020,EA,EA21,EA20,BE,BG,CZ,DK,DE,EE,IE,EL,ES,FR,HR,IT,CY,LV,LT,LU,HU,MT,NL,AT,PL,PT,RO,SI,SK,FI,SE,IS,NO,CH,ME,MK,AL,RS,TR,XK",TRUE,41,FALSE,XK ME RS AL MK
teicp020,table,HICP - alcohol and tobacco,17.09.2026,"EU,EU27_2020,EA,EA21,EA20,BE,BG,CZ,DK,DE,EE,IE,EL,ES,FR,HR,IT,CY,LV,LT,LU,HU,MT,NL,AT,PL,PT,RO,SI,SK,FI,SE,IS,NO,CH,ME,MK,AL,RS,TR,XK",TRUE,41,FALSE,XK ME RS AL MK
teicp030,table,HICP - clothing,17.09.2026,"EU,EU27_2020,EA,EA21,EA20,BE,BG,CZ,DK,DE,EE,IE,EL,ES,FR,HR,IT,CY,LV,LT,LU,HU,MT,NL,AT,PL,PT,RO,SI,SK,FI,SE,IS,NO,CH,ME,MK,AL,RS,TR,XK",TRUE,41,FALSE,XK ME RS AL MK
teicp040,table,HICP - housing,17.09.2026,"EU,EU27_2020,EA,EA21,EA20,BE,BG,CZ,DK,DE,EE,IE,EL,ES,FR,HR,IT,CY,LV,LT,LU,HU,MT,NL,AT,PL,PT,RO,SI,SK,FI,SE,IS,NO,CH,ME,MK,AL,RS,TR,XK",TRUE,41,FALSE,XK ME RS AL MK
teicp050,table,HICP - household equipment,17.09.2026,"EU,EU27_2020,EA,EA21,EA20,BE,BG,CZ,DK,DE,EE,IE,EL,ES,FR,HR,IT,CY,LV,LT,LU,HU,MT,NL,AT,PL,PT,RO,SI,SK,FI,SE,IS,NO,CH,ME,MK,AL,RS,TR,XK",TRUE,41,FALSE,XK ME RS AL MK
teicp060,table,HICP - health,17.09.2026,"EU,EU27_2020,EA,EA21,EA20,BE,BG,CZ,DK,DE,EE,IE,EL,ES,FR,HR,IT,CY,LV,LT,LU,HU,MT,NL,AT,PL,PT,RO,SI,SK,FI,SE,IS,NO,CH,ME,MK,AL,RS,TR,XK",TRUE,41,FALSE,XK ME RS AL MK
teicp070,table,HICP - transport,17.09.2026,"EU,EU27_2020,EA,EA21,EA20,BE,BG,CZ,DK,DE,EE,IE,EL,ES,FR,HR,IT,CY,LV,LT,LU,HU,MT,NL,AT,PL,PT,RO,SI,SK,FI,SE,IS,NO,CH,ME,MK,AL,RS,TR,XK",TRUE,41,FALSE,XK ME RS AL MK
teicp080,table,HICP - communications,17.09.2026,"EU,EU27_2020,EA,EA21,EA20,BE,BG,CZ,DK,DE,EE,IE,EL,ES,FR,HR,IT,CY,LV,LT,LU,HU,MT,NL,AT,PL,PT,RO,SI,SK,FI,SE,IS,NO,CH,ME,MK,AL,RS,TR,XK",TRUE,41,FALSE,XK ME RS AL MK
teicp090,table,HICP - recreation and culture,17.09.2026,"EU,EU27_2020,EA,EA21,EA20,BE,BG,CZ,DK,DE,EE,IE,EL,ES,FR,HR,IT,CY,LV,LT,LU,HU,MT,NL,AT,PL,PT,RO,SI,SK,FI,SE,IS,NO,CH,ME,MK,AL,RS,TR,XK",TRUE,41,FALSE,XK ME RS AL MK
teicp100,table,HICP - education,17.09.2026,"EU,EU27_2020,EA,EA21,EA20,BE,BG,CZ,DK,DE,EE,IE,EL,ES,FR,HR,IT,CY,LV,LT,LU,HU,MT,NL,AT,PL,PT,RO,SI,SK,FI,SE,IS,NO,CH,ME,MK,AL,RS,TR,XK",TRUE,41,FALSE,XK ME RS AL MK
teicp110,table,HICP - hotels and restaurants,17.09.2026,"EU,EU27_2020,EA,EA21,EA20,BE,BG,CZ,DK,DE,EE,IE,EL,ES,FR,HR,IT,CY,LV,LT,LU,HU,MT,NL,AT,PL,PT,RO,SI,SK,FI,SE,IS,NO,CH,ME,MK,AL,RS,TR,XK",TRUE,41,FALSE,XK ME RS AL MK
teicp120,table,HICP - miscellaneous goods and services,17.09.2026,"EU,EU27_2020,EA,EA21,EA20,BE,BG,CZ,DK,DE,EE,IE,EL,ES,FR,HR,IT,CY,LV,LT,LU,HU,MT,NL,AT,PL,PT,RO,SI,SK,FI,SE,IS,NO,CH,ME,MK,AL,RS,TR,XK",TRUE,41,FALSE,XK ME RS AL MK
teicp130,table,HICP - insurance and financial services,17.09.2026,"EU,EU27_2020,EA,EA21,EA20,BE,BG,CZ,DK,DE,EE,IE,EL,ES,FR,HR,IT,CY,LV,LT,LU,HU,MT,NL,AT,PL,PT,RO,SI,SK,FI,SE,IS,NO,CH,ME,MK,AL,RS,TR,XK",TRUE,41,FALSE,XK ME RS AL MK
teicp200,table,"HICP - all items excluding energy, food, alcohol and tobacco",17.09.2026,"EU,EU27_2020,EA,EA21,EA20,BE,BG,CZ,DK,DE,EE,IE,EL,ES,FR,HR,IT,CY,LV,LT,LU,HU,MT,NL,AT,PL,PT,RO,SI,SK,FI,SE,IS,NO,CH,UK,ME,MK,AL,RS,TR,XK",TRUE,42,FALSE,XK ME RS AL MK
teicp210,table,HICP - all items excluding energy,17.09.2026,"EU,EU27_2020,EA,EA21,EA20,BE,BG,CZ,DK,DE,EE,IE,EL,ES,FR,HR,IT,CY,LV,LT,LU,HU,MT,NL,AT,PL,PT,RO,SI,SK,FI,SE,IS,NO,CH,UK,ME,MK,AL,RS,TR,XK",TRUE,42,FALSE,XK ME RS AL MK
teicp220,table,HICP - all items excluding energy and unprocessed food,17.09.2026,"EU,EU27_2020,EA,EA21,EA20,BE,BG,CZ,DK,DE,EE,IE,EL,ES,FR,HR,IT,CY,LV,LT,LU,HU,MT,NL,AT,PL,PT,RO,SI,SK,FI,SE,IS,NO,CH,UK,ME,MK,AL,RS,TR,XK",TRUE,42,FALSE,XK ME RS AL MK
teicp230,table,HICP - all items excluding energy and seasonal food,17.09.2026,"EU,EU27_2020,EA,EA21,EA20,BE,BG,CZ,DK,DE,EE,IE,EL,ES,FR,HR,IT,CY,LV,LT,LU,HU,MT,NL,AT,PL,PT,RO,SI,SK,FI,SE,IS,NO,CH,UK,ME,MK,AL,RS,TR,XK",TRUE,42,FALSE,XK ME RS AL MK
teicp240,table,HICP - all items excluding tobacco,17.09.2026,"EU,EU27_2020,EA,EA21,EA20,BE,BG,CZ,DK,DE,EE,IE,EL,ES,FR,HR,IT,CY,LV,LT,LU,HU,MT,NL,AT,PL,PT,RO,SI,SK,FI,SE,IS,NO,CH,UK,ME,MK,AL,RS,TR,XK",TRUE,42,FALSE,XK ME RS AL MK
teicp250,table,HICP - energy,17.09.2026,"EU,EU27_2020,EA,EA21,EA20,BE,BG,CZ,DK,DE,EE,IE,EL,ES,FR,HR,IT,CY,LV,LT,LU,HU,MT,NL,AT,PL,PT,RO,SI,SK,FI,SE,IS,NO,CH,UK,ME,MK,AL,RS,TR,XK",TRUE,42,FALSE,XK ME RS AL MK
teicp260,table,"HICP - food, alcohol and tobacco",17.09.2026,"EU,EU27_2020,EA,EA21,EA20,BE,BG,CZ,DK,DE,EE,IE,EL,ES,FR,HR,IT,CY,LV,LT,LU,HU,MT,NL,AT,PL,PT,RO,SI,SK,FI,SE,IS,NO,CH,UK,ME,MK,AL,RS,TR,XK",TRUE,42,FALSE,XK ME RS AL MK
teicp270,table,House price index (2025 = 100) - quarterly data,02.07.2026,"EU,EU27_2020,EA,EA21,EA20,BE,BG,CZ,DK,DE,EE,IE,ES,FR,HR,IT,CY,LV,LT,LU,HU,MT,NL,AT,PL,PT,RO,SI,SK,FI,SE,IS,NO,CH,UK,TR",TRUE,36,FALSE,
teicp280,table,HICP - services,17.09.2026,"EU,EU27_2020,EA,EA21,EA20,BE,BG,CZ,DK,DE,EE,IE,EL,ES,FR,HR,IT,CY,LV,LT,LU,HU,MT,NL,AT,PL,PT,RO,SI,SK,FI,SE,IS,NO,CH,UK,ME,MK,AL,RS,TR,XK",TRUE,42,FALSE,XK ME RS AL MK
teicp290,table,HICP - non-energy industrial goods,17.09.2026,"EU,EU27_2020,EA,EA21,EA20,BE,BG,CZ,DK,DE,EE,IE,EL,ES,FR,HR,IT,CY,LV,LT,LU,HU,MT,NL,AT,PL,PT,RO,SI,SK,FI,SE,IS,NO,CH,UK,ME,MK,AL,RS,TR,XK",TRUE,42,FALSE,XK ME RS AL MK
