geo,year,n_div,missing_divs,wsum,decimals,flags,w_TOTAL,dev,sums_to_1000
AL,2016,13,,1000.01,2,,1000,0.009999999999990905,TRUE
AL,2017,13,,1000,2,,1000,0,TRUE
AL,2018,13,,999.97,2,,1000,-0.029999999999972715,TRUE
AL,2019,13,,1000,2,,1000,0,TRUE
AL,2020,13,,1000,2,,1000,0,TRUE
AL,2021,13,,1000,2,,1000,0,TRUE
AL,2022,13,,1000,2,,1000,0,TRUE
AL,2023,13,,1000,2,,1000,0,TRUE
AL,2024,13,,1000.01,2,,1000,0.009999999999990905,TRUE
AL,2025,13,,1000.01,2,,1000,0.009999999999990905,TRUE
AL,2026,13,,1000,2,,1000,0,TRUE
EA,1996,13,,1000,2,,1000,0,TRUE
EA,1997,13,,999.99,2,,1000,-0.009999999999990905,TRUE
EA,1998,13,,999.98,2,,1000,-0.01999999999998181,TRUE
EA,1999,13,,999.98,2,,1000,-0.01999999999998181,TRUE
EA,2000,13,,1000,2,,1000,0,TRUE
EA,2001,13,,1000,2,,1000,0,TRUE
EA,2002,13,,1000,2,,1000,0,TRUE
EA,2003,13,,1000.01,2,,1000,0.009999999999990905,TRUE
EA,2004,13,,1000,2,,1000,0,TRUE
EA,2005,13,,1000,2,,1000,0,TRUE
EA,2006,13,,1000,2,,1000,0,TRUE
EA,2007,13,,1000,2,,1000,0,TRUE
EA,2008,13,,999.99,2,,1000,-0.009999999999990905,TRUE
EA,2009,13,,999.99,2,,1000,-0.009999999999990905,TRUE
EA,2010,13,,1000,2,,1000,0,TRUE
EA,2011,13,,999.99,2,,1000,-0.009999999999990905,TRUE
EA,2012,13,,1000,2,,1000,0,TRUE
EA,2013,13,,1000.01,2,,1000,0.009999999999990905,TRUE
EA,2014,13,,1000,2,,1000,0,TRUE
EA,2015,13,,1000,2,,1000,0,TRUE
EA,2016,13,,999.99,2,,1000,-0.009999999999990905,TRUE
EA,2017,13,,999.99,2,,1000,-0.009999999999990905,TRUE
EA,2018,13,,999.99,2,,1000,-0.009999999999990905,TRUE
EA,2019,13,,1000,2,,1000,0,TRUE
EA,2020,13,,999.99,2,,1000,-0.009999999999990905,TRUE
EA,2021,13,,1000,2,,1000,0,TRUE
EA,2022,13,,1000.01,2,,1000,0.009999999999990905,TRUE
EA,2023,13,,999.99,2,,1000,-0.009999999999990905,TRUE
EA,2024,13,,1000,2,,1000,0,TRUE
EA,2025,13,,1000,2,,1000,0,TRUE
EA,2026,13,,1000.01,2,,1000,0.009999999999990905,TRUE
ME,2015,13,,1000,2,,1000,0,TRUE
ME,2016,13,,1000,2,,1000,0,TRUE
ME,2017,13,,1000,2,,1000,0,TRUE
ME,2018,13,,1000,2,,1000,0,TRUE
ME,2019,13,,1000,2,,1000,0,TRUE
ME,2020,13,,1000,2,,1000,0,TRUE
ME,2021,13,,999.99,2,,1000,-0.009999999999990905,TRUE
ME,2022,13,,999.98,2,,1000,-0.01999999999998181,TRUE
ME,2023,13,,1000,2,,1000,0,TRUE
ME,2024,13,,1000,2,,1000,0,TRUE
ME,2025,13,,1000.01,2,,1000,0.009999999999990905,TRUE
ME,2026,13,,1000.01,2,,1000,0.009999999999990905,TRUE
MK,2005,13,,1000.02,2,,1000,0.01999999999998181,TRUE
MK,2006,13,,1000,2,,1000,0,TRUE
MK,2007,13,,1000,2,,1000,0,TRUE
MK,2008,13,,1000.01,2,,1000,0.009999999999990905,TRUE
MK,2009,13,,999.99,2,,1000,-0.009999999999990905,TRUE
MK,2010,13,,999.99,2,,1000,-0.009999999999990905,TRUE
MK,2011,13,,1000,2,,1000,0,TRUE
MK,2012,13,,999.99,2,,1000,-0.009999999999990905,TRUE
MK,2013,13,,1000,2,,1000,0,TRUE
MK,2014,13,,1000.03,2,,1000,0.029999999999972715,TRUE
MK,2015,13,,999.99,2,,1000,-0.009999999999990905,TRUE
MK,2016,13,,1000,2,,1000,0,TRUE
MK,2017,13,,999.99,2,,1000,-0.009999999999990905,TRUE
MK,2018,13,,1000.01,2,,1000,0.009999999999990905,TRUE
MK,2019,13,,999.99,2,,1000,-0.009999999999990905,TRUE
MK,2020,13,,999.99,2,,1000,-0.009999999999990905,TRUE
MK,2021,13,,1000,2,,1000,0,TRUE
MK,2022,13,,999.99,2,,1000,-0.009999999999990905,TRUE
MK,2023,13,,999.99,2,,1000,-0.009999999999990905,TRUE
MK,2024,13,,1000,2,,1000,0,TRUE
MK,2025,13,,1000,2,,1000,0,TRUE
MK,2026,13,,999.99,2,,1000,-0.009999999999990905,TRUE
RS,2006,13,,999.9799999999999,2,,1000,-0.020000000000095497,TRUE
RS,2007,13,,1000.02,2,,1000,0.01999999999998181,TRUE
RS,2008,13,,999.99,2,,1000,-0.009999999999990905,TRUE
RS,2009,13,,999.99,2,,1000,-0.009999999999990905,TRUE
RS,2010,13,,1000.01,2,,1000,0.009999999999990905,TRUE
RS,2011,13,,999.99,2,,1000,-0.009999999999990905,TRUE
RS,2012,13,,1000.01,2,,1000,0.009999999999990905,TRUE
RS,2013,13,,1000,2,,1000,0,TRUE
RS,2014,13,,1000.01,2,,1000,0.009999999999990905,TRUE
RS,2015,13,,1000.01,2,,1000,0.009999999999990905,TRUE
RS,2016,13,,1000,2,,1000,0,TRUE
RS,2017,13,,1000.01,2,,1000,0.009999999999990905,TRUE
RS,2018,13,,1000,2,,1000,0,TRUE
RS,2019,13,,999.99,2,,1000,-0.009999999999990905,TRUE
RS,2020,13,,1000,2,,1000,0,TRUE
RS,2021,13,,999.99,2,,1000,-0.009999999999990905,TRUE
RS,2022,13,,1000.02,2,,1000,0.01999999999998181,TRUE
RS,2023,13,,1000,2,,1000,0,TRUE
RS,2024,13,,999.99,2,,1000,-0.009999999999990905,TRUE
RS,2025,13,,1000.01,2,,1000,0.009999999999990905,TRUE
RS,2026,13,,1000.02,2,,1000,0.01999999999998181,TRUE
XK,2015,13,,1000,2,,1000,0,TRUE
XK,2016,13,,1000,2,,1000,0,TRUE
XK,2017,13,,1000,2,,1000,0,TRUE
XK,2018,13,,1000,2,,1000,0,TRUE
XK,2019,13,,1000,2,,1000,0,TRUE
XK,2020,13,,1000,2,,1000,0,TRUE
XK,2021,13,,1000,2,,1000,0,TRUE
XK,2022,13,,1000,2,,1000,0,TRUE
XK,2023,13,,999.98,2,,1000,-0.01999999999998181,TRUE
XK,2024,13,,1000,2,,1000,0,TRUE
XK,2025,13,,1000,2,,1000,0,TRUE
XK,2026,13,,999.99,2,,1000,-0.009999999999990905,TRUE
