coicop18,label,class,XK,ME,RS,AL,MK,EA
CP01,Food and non-alcoholic beverages,division,"I15,I25,RCH_A","I15,I25,RCH_A","I15,I25,RCH_A","I15,I25,RCH_A","I15,I25,RCH_A","I15,I25,RCH_A"
CP02,"Alcoholic beverages, tobacco and narcotics",division,"I15,I25,RCH_A","I15,I25,RCH_A","I15,I25,RCH_A","I15,I25,RCH_A","I15,I25,RCH_A","I15,I25,RCH_A"
CP03,Clothing and footwear,division,"I15,I25,RCH_A","I15,I25,RCH_A","I15,I25,RCH_A","I15,I25,RCH_A","I15,I25,RCH_A","I15,I25,RCH_A"
CP04,"Housing, water, electricity, gas and other fuels",division,"I15,I25,RCH_A","I15,I25,RCH_A","I15,I25,RCH_A","I15,I25,RCH_A","I15,I25,RCH_A","I15,I25,RCH_A"
CP05,"Furnishings, household equipment and routine household maintenance",division,"I15,I25,RCH_A","I15,I25,RCH_A","I15,I25,RCH_A","I15,I25,RCH_A","I15,I25,RCH_A","I15,I25,RCH_A"
CP06,Health,division,"I15,I25,RCH_A","I15,I25,RCH_A","I15,I25,RCH_A","I15,I25,RCH_A","I15,I25,RCH_A","I15,I25,RCH_A"
CP07,Transport,division,"I15,I25,RCH_A","I15,I25,RCH_A","I15,I25,RCH_A","I15,I25,RCH_A","I15,I25,RCH_A","I15,I25,RCH_A"
CP08,Information and communication,division,"I15,I25,RCH_A","I15,I25,RCH_A","I15,I25,RCH_A","I15,I25,RCH_A","I15,I25,RCH_A","I15,I25,RCH_A"
CP09,"Recreation, sport and culture",division,"I15,I25,RCH_A","I15,I25,RCH_A","I15,I25,RCH_A","I15,I25,RCH_A","I15,I25,RCH_A","I15,I25,RCH_A"
CP10,Education services,division,"I15,I25,RCH_A","I15,I25,RCH_A","I15,I25,RCH_A","I15,I25,RCH_A","I15,I25,RCH_A","I15,I25,RCH_A"
CP11,Restaurants and accommodation services,division,"I15,I25,RCH_A","I15,I25,RCH_A","I15,I25,RCH_A","I15,I25,RCH_A","I15,I25,RCH_A","I15,I25,RCH_A"
CP12,Insurance and financial services,division,"I15,I25,RCH_A","I15,I25,RCH_A","I15,I25,RCH_A","I15,I25,RCH_A","I15,I25,RCH_A","I15,I25,RCH_A"
CP13,"Personal care, social protection and miscellaneous goods and services",division,"I15,I25,RCH_A","I15,I25,RCH_A","I15,I25,RCH_A","I15,I25,RCH_A","I15,I25,RCH_A","I15,I25,RCH_A"
AP,Administered prices,special aggregate,"I15,I25,RCH_A","I15,I25,RCH_A","I15,I25,RCH_A","I15,I25,RCH_A","I15,I25,RCH_A","I15,I25,RCH_A"
APF,Fully administered prices,special aggregate,"I15,I25,RCH_A","I15,I25,RCH_A","I15,I25,RCH_A","I15,I25,RCH_A","I15,I25,RCH_A","I15,I25,RCH_A"
APM,Mainly administered prices,special aggregate,"I15,I25,RCH_A","I15,I25,RCH_A","I15,I25,RCH_A","I15,I25,RCH_A","I15,I25,RCH_A","I15,I25,RCH_A"
AP_NRG,Administered prices - energy,special aggregate,"I15,I25,RCH_A","I15,I25,RCH_A","I15,I25,RCH_A","I15,I25,RCH_A","I15,I25,RCH_A","I15,I25,RCH_A"
AP_NRG_FOOD,Administered prices - energy and food,special aggregate,"I15,I25,RCH_A","I15,I25,RCH_A","I15,I25,RCH_A","I15,I25,RCH_A","I15,I25,RCH_A","I15,I25,RCH_A"
AP_X_NRG,Administered prices excluding energy,special aggregate,"I15,I25,RCH_A","I15,I25,RCH_A","I15,I25,RCH_A","I15,I25,RCH_A","I15,I25,RCH_A","I15,I25,RCH_A"
AP_X_NRG_FOOD,Administered prices excluding energy and food,special aggregate,"I15,I25,RCH_A","I15,I25,RCH_A","I15,I25,RCH_A","I15,I25,RCH_A","I15,I25,RCH_A","I15,I25,RCH_A"
EDUC_HLTH_SPR,"Education, health and social protection",special aggregate,"I15,I25,RCH_A","I15,I25,RCH_A","I15,I25,RCH_A","I15,I25,RCH_A","I15,I25,RCH_A","I15,I25,RCH_A"
ELC_GAS,"Electricity, gas, solid fuels and heat energy",special aggregate,"I15,I25,RCH_A","I15,I25,RCH_A","I15,I25,RCH_A","I15,I25,RCH_A","I15,I25,RCH_A","I15,I25,RCH_A"
FOOD,Food including alcohol and tobacco,special aggregate,"I15,I25,RCH_A","I15,I25,RCH_A","I15,I25,RCH_A","I15,I25,RCH_A","I15,I25,RCH_A","I15,I25,RCH_A"
FOOD_NP,Unprocessed food,special aggregate,"I15,I25,RCH_A","I15,I25,RCH_A","I15,I25,RCH_A","I15,I25,RCH_A","I15,I25,RCH_A","I15,I25,RCH_A"
FOOD_P,Processed food including alcohol and tobacco,special aggregate,"I15,I25,RCH_A","I15,I25,RCH_A","I15,I25,RCH_A","I15,I25,RCH_A","I15,I25,RCH_A","I15,I25,RCH_A"
FOOD_P_X_ALC_TBC,Processed food excluding alcohol and tobacco,special aggregate,"I15,I25,RCH_A","I15,I25,RCH_A","I15,I25,RCH_A","I15,I25,RCH_A","I15,I25,RCH_A","I15,I25,RCH_A"
FOOD_P_X_TBC,Processed food excluding tobacco,special aggregate,"I15,I25,RCH_A","I15,I25,RCH_A","I15,I25,RCH_A","I15,I25,RCH_A","I15,I25,RCH_A","I15,I25,RCH_A"
FOOD_S,Seasonal food,special aggregate,"I15,I25,RCH_A","I15,I25,RCH_A","I15,I25,RCH_A","I15,I25,RCH_A","I15,I25,RCH_A","I15,I25,RCH_A"
FROOPP,Frequent out-of-pocket purchases,special aggregate,,,,,,"I15,I25,RCH_A"
FUEL,Liquid fuels and fuels for personal transport equipment,special aggregate,"I15,I25,RCH_A","I15,I25,RCH_A","I15,I25,RCH_A","I15,I25,RCH_A","I15,I25,RCH_A","I15,I25,RCH_A"
GD,Goods (overall index excluding services),special aggregate,"I15,I25,RCH_A","I15,I25,RCH_A","I15,I25,RCH_A","I15,I25,RCH_A","I15,I25,RCH_A","I15,I25,RCH_A"
IGD,Industrial goods,special aggregate,"I15,I25,RCH_A","I15,I25,RCH_A","I15,I25,RCH_A","I15,I25,RCH_A","I15,I25,RCH_A","I15,I25,RCH_A"
IGD_NNRG,Non-energy industrial goods,special aggregate,"I15,I25,RCH_A","I15,I25,RCH_A","I15,I25,RCH_A","I15,I25,RCH_A","I15,I25,RCH_A","I15,I25,RCH_A"
IGD_NNRG_D,"Non-energy industrial goods, durables only",special aggregate,"I15,I25,RCH_A","I15,I25,RCH_A","I15,I25,RCH_A","I15,I25,RCH_A","I15,I25,RCH_A","I15,I25,RCH_A"
IGD_NNRG_ND,"Non-energy industrial goods, non-durables only",special aggregate,"I15,I25,RCH_A","I15,I25,RCH_A","I15,I25,RCH_A","I15,I25,RCH_A","I15,I25,RCH_A","I15,I25,RCH_A"
IGD_NNRG_SD,"Non-energy industrial goods, semi-durables only",special aggregate,"I15,I25,RCH_A","I15,I25,RCH_A","I15,I25,RCH_A","I15,I25,RCH_A","I15,I25,RCH_A","I15,I25,RCH_A"
NRG,Energy,special aggregate,"I15,I25,RCH_A","I15,I25,RCH_A","I15,I25,RCH_A","I15,I25,RCH_A","I15,I25,RCH_A","I15,I25,RCH_A"
NRG_FOOD_NP,Energy and unprocessed food,special aggregate,"I15,I25,RCH_A","I15,I25,RCH_A","I15,I25,RCH_A","I15,I25,RCH_A","I15,I25,RCH_A","I15,I25,RCH_A"
NRG_FOOD_S,Energy and seasonal food,special aggregate,"I15,I25,RCH_A","I15,I25,RCH_A","I15,I25,RCH_A","I15,I25,RCH_A","I15,I25,RCH_A","I15,I25,RCH_A"
SERV,Services (overall index excluding goods),special aggregate,"I15,I25,RCH_A","I15,I25,RCH_A","I15,I25,RCH_A","I15,I25,RCH_A","I15,I25,RCH_A","I15,I25,RCH_A"
SERV_COM,Services related to communication,special aggregate,"I15,I25,RCH_A","I15,I25,RCH_A","I15,I25,RCH_A","I15,I25,RCH_A","I15,I25,RCH_A","I15,I25,RCH_A"
SERV_HOUS,Services related to housing,special aggregate,"I15,I25,RCH_A","I15,I25,RCH_A","I15,I25,RCH_A","I15,I25,RCH_A","I15,I25,RCH_A","I15,I25,RCH_A"
SERV_MSC,Services - miscellaneous,special aggregate,"I15,I25,RCH_A","I15,I25,RCH_A","I15,I25,RCH_A","I15,I25,RCH_A","I15,I25,RCH_A","I15,I25,RCH_A"
SERV_REC,"Services related to recreation, including repairs and personal care",special aggregate,"I15,I25,RCH_A","I15,I25,RCH_A","I15,I25,RCH_A","I15,I25,RCH_A","I15,I25,RCH_A","I15,I25,RCH_A"
SERV_REC_HOA,Services related to package holidays and accommodation,special aggregate,"I15,I25,RCH_A","I15,I25,RCH_A","I15,I25,RCH_A","I15,I25,RCH_A","I15,I25,RCH_A","I15,I25,RCH_A"
SERV_REC_X_HOA,"Services related to recreation and personal care, excluding package holidays and accommodation",special aggregate,"I15,I25,RCH_A","I15,I25,RCH_A","I15,I25,RCH_A","I15,I25,RCH_A","I15,I25,RCH_A","I15,I25,RCH_A"
SERV_TRA,Services related to transport,special aggregate,"I15,I25,RCH_A","I15,I25,RCH_A","I15,I25,RCH_A","I15,I25,RCH_A","I15,I25,RCH_A","I15,I25,RCH_A"
TOT_X_ALC_TBC,Overall index excluding alcohol and tobacco,special aggregate,"I15,I25,RCH_A","I15,I25,RCH_A","I15,I25,RCH_A","I15,I25,RCH_A","I15,I25,RCH_A","I15,I25,RCH_A"
TOT_X_AP,Overall index excluding administered prices,special aggregate,"I15,I25,RCH_A","I15,I25,RCH_A","I15,I25,RCH_A","I15,I25,RCH_A","I15,I25,RCH_A","I15,I25,RCH_A"
TOT_X_APF,Overall index excluding fully administered prices,special aggregate,"I15,I25,RCH_A","I15,I25,RCH_A","I15,I25,RCH_A","I15,I25,RCH_A","I15,I25,RCH_A","I15,I25,RCH_A"
TOT_X_APM,Overall index excluding mainly administered prices,special aggregate,"I15,I25,RCH_A","I15,I25,RCH_A","I15,I25,RCH_A","I15,I25,RCH_A","I15,I25,RCH_A","I15,I25,RCH_A"
TOT_X_EDUC_HLTH_SPR,"Overall index excluding education, health and social protection",special aggregate,"I15,I25,RCH_A","I15,I25,RCH_A","I15,I25,RCH_A","I15,I25,RCH_A","I15,I25,RCH_A","I15,I25,RCH_A"
TOT_X_FOOD_S,Overall index excluding seasonal food,special aggregate,"I15,I25,RCH_A","I15,I25,RCH_A","I15,I25,RCH_A","I15,I25,RCH_A","I15,I25,RCH_A","I15,I25,RCH_A"
TOT_X_FROOPP,Overall index excluding frequent out-of-pocket purchases,special aggregate,,,,,,"I15,I25,RCH_A"
TOT_X_FUEL,Overall index excluding liquid fuels and fuels for personal transport equipment,special aggregate,"I15,I25,RCH_A","I15,I25,RCH_A","I15,I25,RCH_A","I15,I25,RCH_A","I15,I25,RCH_A","I15,I25,RCH_A"
TOT_X_HOUS,"Overall index excluding housing, water, electricity, gas and other fuels",special aggregate,"I15,I25,RCH_A","I15,I25,RCH_A","I15,I25,RCH_A","I15,I25,RCH_A","I15,I25,RCH_A","I15,I25,RCH_A"
TOT_X_NRG,Overall index excluding energy,special aggregate,"I15,I25,RCH_A","I15,I25,RCH_A","I15,I25,RCH_A","I15,I25,RCH_A","I15,I25,RCH_A","I15,I25,RCH_A"
TOT_X_NRG_FOOD,"Overall index excluding energy, food, alcohol and tobacco",special aggregate,"I15,I25,RCH_A","I15,I25,RCH_A","I15,I25,RCH_A","I15,I25,RCH_A","I15,I25,RCH_A","I15,I25,RCH_A"
TOT_X_NRG_FOOD_NP,Overall index excluding energy and unprocessed food,special aggregate,"I15,I25,RCH_A","I15,I25,RCH_A","I15,I25,RCH_A","I15,I25,RCH_A","I15,I25,RCH_A","I15,I25,RCH_A"
TOT_X_NRG_FOOD_S,Overall index excluding energy and seasonal food,special aggregate,"I15,I25,RCH_A","I15,I25,RCH_A","I15,I25,RCH_A","I15,I25,RCH_A","I15,I25,RCH_A","I15,I25,RCH_A"
TOT_X_TBC,Overall index excluding tobacco,special aggregate,"I15,I25,RCH_A","I15,I25,RCH_A","I15,I25,RCH_A","I15,I25,RCH_A","I15,I25,RCH_A","I15,I25,RCH_A"
CP011,Food,sub-division,"I15,I25,RCH_A","I15,I25,RCH_A","I15,I25,RCH_A","I15,I25,RCH_A","I15,I25,RCH_A","I15,I25,RCH_A"
CP0111,Cereals and cereal products (ND),sub-division,"I15,I25,RCH_A","I15,I25,RCH_A","I15,I25,RCH_A","I15,I25,RCH_A","I15,I25,RCH_A","I15,I25,RCH_A"
CP01111,Cereals (ND),sub-division,"I15,I25,RCH_A","I15,I25,RCH_A","I15,I25,RCH_A","I15,I25,RCH_A","I15,I25,RCH_A","I15,I25,RCH_A"
CP01112,Flour of cereals (ND),sub-division,"I15,I25,RCH_A","I15,I25,RCH_A","I15,I25,RCH_A","I15,I25,RCH_A","I15,I25,RCH_A","I15,I25,RCH_A"
CP01113,Bread and bakery products (ND),sub-division,"I15,I25,RCH_A","I15,I25,RCH_A","I15,I25,RCH_A","I15,I25,RCH_A","I15,I25,RCH_A","I15,I25,RCH_A"
CP011131,Bread,sub-division,,,"I15,I25,RCH_A",,"I15,I25,RCH_A",
CP011139,Other bakery products,sub-division,,,"I15,I25,RCH_A",,"I15,I25,RCH_A",
CP01114,Breakfast cereals (ND),sub-division,"I15,I25,RCH_A","I15,I25,RCH_A","I15,I25,RCH_A","I15,I25,RCH_A","I15,I25,RCH_A","I15,I25,RCH_A"
CP01115,"Macaroni, noodles, couscous and similar pasta products (ND)",sub-division,"I15,I25,RCH_A","I15,I25,RCH_A","I15,I25,RCH_A","I15,I25,RCH_A","I15,I25,RCH_A","I15,I25,RCH_A"
CP01119,Other milled cereal and grain products (ND),sub-division,"I15,I25","I15,I25,RCH_A","I15,I25,RCH_A","I15,I25,RCH_A",,"I15,I25,RCH_A"
CP0112,"Live animals, and meat and other parts of slaughtered land animals (ND)",sub-division,"I15,I25,RCH_A","I15,I25,RCH_A","I15,I25,RCH_A","I15,I25,RCH_A","I15,I25,RCH_A","I15,I25,RCH_A"
CP01122,"Meat, fresh, chilled or frozen (ND)",sub-division,"I15,I25,RCH_A","I15,I25,RCH_A","I15,I25,RCH_A","I15,I25,RCH_A","I15,I25,RCH_A","I15,I25,RCH_A"
CP011221,"Meat of bovine animals, fresh, chilled or frozen",sub-division,"I15,I25,RCH_A","I15,I25,RCH_A","I15,I25,RCH_A","I15,I25,RCH_A","I15,I25,RCH_A","I15,I25,RCH_A"
CP011222,"Meat of pigs, fresh, chilled or frozen",sub-division,"I15,I25,RCH_A","I15,I25,RCH_A","I15,I25,RCH_A","I15,I25,RCH_A","I15,I25,RCH_A","I15,I25,RCH_A"
CP011223,"Meat of goats, lambs and sheep, fresh, chilled or frozen",sub-division,"I15,I25,RCH_A","I15,I25,RCH_A","I15,I25,RCH_A","I15,I25,RCH_A","I15,I25,RCH_A","I15,I25,RCH_A"
CP011224,"Meat of poultry, fresh, chilled or frozen",sub-division,"I15,I25,RCH_A","I15,I25,RCH_A","I15,I25,RCH_A","I15,I25,RCH_A","I15,I25,RCH_A","I15,I25,RCH_A"
CP011225,"Meat of hares and rabbits, fresh, chilled or frozen",sub-division,,,,,,"I15,I25,RCH_A"
CP011226,"Meat of horses and other equines, fresh, chilled or frozen",sub-division,,,,,,"I15,I25,RCH_A"
CP011229,"Other meat, fresh, chilled or frozen",sub-division,,,,,,"I15,I25,RCH_A"
CP01123,"Meat, dried, salted, in brine or smoked (ND)",sub-division,"I15,I25,RCH_A","I15,I25,RCH_A","I15,I25,RCH_A","I15,I25,RCH_A","I15,I25,RCH_A","I15,I25,RCH_A"
CP01124,"Offal, blood and other parts of slaughtered animals, fresh, chilled or frozen, dried, salted, in brine or smoked (ND)",sub-division,"I15,I25,RCH_A","I15,I25,RCH_A","I15,I25,RCH_A","I15,I25,RCH_A","I15,I25,RCH_A","I15,I25,RCH_A"
CP01125,"Preparations of meat, offal, blood and other parts of slaughtered animals (ND)",sub-division,"I15,I25,RCH_A","I15,I25,RCH_A","I15,I25,RCH_A","I15,I25,RCH_A","I15,I25,RCH_A","I15,I25,RCH_A"
CP0113,Fish and other seafood (ND),sub-division,"I15,I25,RCH_A","I15,I25,RCH_A","I15,I25,RCH_A","I15,I25,RCH_A","I15,I25,RCH_A","I15,I25,RCH_A"
CP01131,"Fish, live, fresh, chilled or frozen (ND)",sub-division,"I15,I25,RCH_A","I15,I25,RCH_A","I15,I25,RCH_A","I15,I25,RCH_A","I15,I25,RCH_A","I15,I25,RCH_A"
CP01132,"Fish, dried, salted, in brine or smoked (ND)",sub-division,,,"I15,I25,RCH_A",,,"I15,I25,RCH_A"
CP01133,Fish preparations (ND),sub-division,"I15,I25,RCH_A","I15,I25,RCH_A","I15,I25,RCH_A","I15,I25,RCH_A",,"I15,I25,RCH_A"
CP01134,"Other seafood, live, fresh, chilled or frozen (ND)",sub-division,"I15,I25","I15,I25,RCH_A",,"I15,I25,RCH_A","I15,I25,RCH_A","I15,I25,RCH_A"
CP01135,"Other seafood, dried, salted, in brine or smoked (ND)",sub-division,,,,,,"I15,I25,RCH_A"
CP01136,Other seafood preparations (ND),sub-division,,,,,"I15,I25,RCH_A","I15,I25,RCH_A"
CP01137,"Livers, roes and other offal of fish and of other seafood in all forms (ND)",sub-division,,,,,,"I15,I25,RCH_A"
CP0114,"Milk, other dairy products and eggs (ND)",sub-division,"I15,I25,RCH_A","I15,I25,RCH_A","I15,I25,RCH_A","I15,I25,RCH_A","I15,I25,RCH_A","I15,I25,RCH_A"
CP01141,Raw and whole milk (ND),sub-division,"I15,I25,RCH_A","I15,I25,RCH_A","I15,I25,RCH_A","I15,I25,RCH_A","I15,I25,RCH_A","I15,I25,RCH_A"
CP01142,Skimmed milk (ND),sub-division,,"I15,I25,RCH_A","I15,I25,RCH_A","I15,I25","I15,I25,RCH_A","I15,I25,RCH_A"
CP01143,Other milk and cream (ND),sub-division,,"I15,I25,RCH_A","I15,I25,RCH_A","I15,I25,RCH_A","I15,I25,RCH_A","I15,I25,RCH_A"
CP01144,Non-animal milk (ND),sub-division,"I15,I25","I15,I25",,"I15,I25",,"I15,I25,RCH_A"
CP01145,Cheese (ND),sub-division,"I15,I25,RCH_A","I15,I25,RCH_A","I15,I25,RCH_A","I15,I25,RCH_A","I15,I25,RCH_A","I15,I25,RCH_A"
CP01146,Yoghurt and similar products (ND),sub-division,"I15,I25,RCH_A","I15,I25,RCH_A","I15,I25,RCH_A","I15,I25,RCH_A","I15,I25,RCH_A","I15,I25,RCH_A"
CP01147,Milk-based dessert and beverages (ND),sub-division,"I15,I25","I15,I25",,,,"I15,I25,RCH_A"
CP01148,Eggs (ND),sub-division,"I15,I25,RCH_A","I15,I25,RCH_A","I15,I25,RCH_A","I15,I25,RCH_A","I15,I25,RCH_A","I15,I25,RCH_A"
CP01149,Other dairy products (ND),sub-division,,,"I15,I25,RCH_A",,,"I15,I25,RCH_A"
CP0115,Oils and fats (ND),sub-division,"I15,I25,RCH_A","I15,I25,RCH_A","I15,I25,RCH_A","I15,I25,RCH_A","I15,I25,RCH_A","I15,I25,RCH_A"
CP01151,Vegetable oils (ND),sub-division,"I15,I25,RCH_A","I15,I25,RCH_A","I15,I25,RCH_A","I15,I25,RCH_A","I15,I25,RCH_A","I15,I25,RCH_A"
CP011513,Olive oil,sub-division,,,"I15,I25,RCH_A",,"I15,I25,RCH_A",
CP01152,Butter and other oils and fats derived from milk (ND),sub-division,"I15,I25,RCH_A","I15,I25,RCH_A","I15,I25,RCH_A","I15,I25,RCH_A","I15,I25,RCH_A","I15,I25,RCH_A"
CP01153,Margarine and similar preparations (ND),sub-division,"I15,I25,RCH_A","I15,I25,RCH_A","I15,I25,RCH_A","I15,I25,RCH_A","I15,I25,RCH_A","I15,I25,RCH_A"
CP01159,Other animal oils and fats (ND),sub-division,,"I15,I25,RCH_A","I15,I25,RCH_A",,"I15,I25,RCH_A","I15,I25,RCH_A"
CP0116,Fruits and nuts (ND),sub-division,"I15,I25,RCH_A","I15,I25,RCH_A","I15,I25,RCH_A","I15,I25,RCH_A","I15,I25,RCH_A","I15,I25,RCH_A"
CP01161,"Dates, figs and tropical fruits, fresh (ND)",sub-division,"I15,I25,RCH_A","I15,I25,RCH_A","I15,I25,RCH_A","I15,I25,RCH_A","I15,I25,RCH_A","I15,I25,RCH_A"
CP01162,"Citrus fruits, fresh (ND)",sub-division,"I15,I25,RCH_A","I15,I25,RCH_A","I15,I25,RCH_A","I15,I25,RCH_A","I15,I25,RCH_A","I15,I25,RCH_A"
CP01163,"Stone fruits and pome fruits, fresh (ND)",sub-division,"I15,I25,RCH_A","I15,I25,RCH_A","I15,I25,RCH_A","I15,I25,RCH_A","I15,I25,RCH_A","I15,I25,RCH_A"
CP01164,"Berries, fresh (ND)",sub-division,"I15,I25,RCH_A","I15,I25,RCH_A","I15,I25,RCH_A","I15,I25","I15,I25,RCH_A","I15,I25,RCH_A"
CP01165,"Other fruits, fresh (ND)",sub-division,"I15,I25,RCH_A","I15,I25,RCH_A","I15,I25,RCH_A","I15,I25,RCH_A","I15,I25,RCH_A","I15,I25,RCH_A"
CP01166,"Fruits, frozen (ND)",sub-division,,"I15,I25,RCH_A","I15,I25,RCH_A","I15,I25","I15,I25,RCH_A","I15,I25,RCH_A"
CP01167,"Fruits, dried and dehydrated (ND)",sub-division,"I15,I25,RCH_A","I15,I25,RCH_A","I15,I25,RCH_A","I15,I25","I15,I25,RCH_A","I15,I25,RCH_A"
CP01168,"Nuts, in shell or shelled (ND)",sub-division,"I15,I25,RCH_A","I15,I25,RCH_A","I15,I25,RCH_A","I15,I25","I15,I25,RCH_A","I15,I25,RCH_A"
CP01169,"Fruits and nuts, ground, and in other preparations (ND)",sub-division,"I15,I25,RCH_A","I15,I25,RCH_A",,"I15,I25,RCH_A","I15,I25,RCH_A","I15,I25,RCH_A"
CP0117,"Vegetables, tubers, plantains, cooking bananas and pulses (ND)",sub-division,"I15,I25,RCH_A","I15,I25,RCH_A","I15,I25,RCH_A","I15,I25,RCH_A","I15,I25,RCH_A","I15,I25,RCH_A"
CP01171,"Leafy or stem vegetables, fresh or chilled (ND)",sub-division,"I15,I25,RCH_A","I15,I25,RCH_A","I15,I25,RCH_A","I15,I25,RCH_A","I15,I25,RCH_A","I15,I25,RCH_A"
CP01172,"Fruit-bearing vegetables, fresh or chilled (ND)",sub-division,"I15,I25,RCH_A","I15,I25,RCH_A","I15,I25,RCH_A","I15,I25,RCH_A","I15,I25,RCH_A","I15,I25,RCH_A"
CP01173,"Green leguminous vegetables, fresh or chilled (ND)",sub-division,,"I15,I25,RCH_A","I15,I25,RCH_A","I15,I25,RCH_A","I15,I25,RCH_A","I15,I25,RCH_A"
CP01174,"Other vegetables, fresh or chilled (ND)",sub-division,"I15,I25,RCH_A","I15,I25,RCH_A","I15,I25,RCH_A","I15,I25,RCH_A","I15,I25,RCH_A","I15,I25,RCH_A"
CP01175,"Tubers, plantains and cooking bananas, fresh or chilled (ND)",sub-division,"I15,I25,RCH_A","I15,I25,RCH_A","I15,I25,RCH_A","I15,I25,RCH_A","I15,I25,RCH_A","I15,I25,RCH_A"
CP011751,Potatoes,sub-division,,,"I15,I25,RCH_A",,"I15,I25,RCH_A",
CP01176,Pulses (ND),sub-division,"I15,I25,RCH_A","I15,I25,RCH_A","I15,I25,RCH_A","I15,I25,RCH_A",,"I15,I25,RCH_A"
CP01177,"Other vegetables, tubers, plantains and cooking bananas, dried and dehydrated (ND)",sub-division,,,,"I15,I25,RCH_A",,"I15,I25,RCH_A"
CP01178,"Vegetables, tubers, plantains and cooking bananas, frozen (ND)",sub-division,"I15,I25,RCH_A","I15,I25,RCH_A","I15,I25,RCH_A","I15,I25,RCH_A","I15,I25,RCH_A","I15,I25,RCH_A"
CP01179,"Vegetables, tubers, plantains, cooking bananas and pulses, ground, and in other preparations (ND)",sub-division,"I15,I25,RCH_A","I15,I25,RCH_A","I15,I25,RCH_A","I15,I25,RCH_A","I15,I25,RCH_A","I15,I25,RCH_A"
CP0118,"Sugar, confectionery and desserts (ND)",sub-division,"I15,I25,RCH_A","I15,I25,RCH_A","I15,I25,RCH_A","I15,I25,RCH_A","I15,I25,RCH_A","I15,I25,RCH_A"
CP01181,Cane sugar and beet sugar (ND),sub-division,"I15,I25,RCH_A","I15,I25,RCH_A","I15,I25,RCH_A","I15,I25,RCH_A","I15,I25,RCH_A","I15,I25,RCH_A"
CP01182,Other sugars and sugar substitutes (ND),sub-division,,"I15,I25","I15,I25,RCH_A",,"I15,I25,RCH_A","I15,I25,RCH_A"
CP01183,"Jams, marmalades, fruit jellies, purées and pastes, and honey (ND)",sub-division,"I15,I25,RCH_A","I15,I25,RCH_A","I15,I25,RCH_A","I15,I25,RCH_A","I15,I25,RCH_A","I15,I25,RCH_A"
CP01184,"Nut purées, nut butters and nut pastes (ND)",sub-division,,"I15,I25",,"I15,I25",,"I15,I25,RCH_A"
CP01185,"Chocolate, cocoa and cocoa-based food products (ND)",sub-division,"I15,I25,RCH_A","I15,I25,RCH_A","I15,I25,RCH_A","I15,I25,RCH_A","I15,I25,RCH_A","I15,I25,RCH_A"
CP01186,"Ice, ice cream and sorbets (ND)",sub-division,"I15,I25,RCH_A","I15,I25,RCH_A","I15,I25,RCH_A","I15,I25,RCH_A","I15,I25,RCH_A","I15,I25,RCH_A"
CP01189,Other sugar confectionery and desserts n.e.c. (ND),sub-division,"I15,I25,RCH_A","I15,I25,RCH_A","I15,I25,RCH_A","I15,I25,RCH_A","I15,I25,RCH_A","I15,I25,RCH_A"
CP0119,Ready-made food and other food products (ND),sub-division,"I15,I25,RCH_A","I15,I25,RCH_A","I15,I25,RCH_A","I15,I25,RCH_A","I15,I25,RCH_A","I15,I25,RCH_A"
CP01191,Ready-made food (ND),sub-division,"I15,I25","I15,I25","I15,I25,RCH_A",,"I15,I25,RCH_A","I15,I25,RCH_A"
CP01192,Baby food (ND),sub-division,"I15,I25,RCH_A","I15,I25,RCH_A","I15,I25,RCH_A","I15,I25,RCH_A","I15,I25,RCH_A","I15,I25,RCH_A"
CP01193,"Salt, condiments and sauces (ND)",sub-division,"I15,I25,RCH_A","I15,I25,RCH_A","I15,I25,RCH_A","I15,I25,RCH_A","I15,I25,RCH_A","I15,I25,RCH_A"
CP01194,"Spices, culinary herbs and seeds (ND)",sub-division,"I15,I25","I15,I25,RCH_A","I15,I25,RCH_A","I15,I25,RCH_A","I15,I25,RCH_A","I15,I25,RCH_A"
CP01199,Other food products n.e.c. (ND),sub-division,"I15,I25,RCH_A","I15,I25,RCH_A","I15,I25,RCH_A","I15,I25,RCH_A","I15,I25,RCH_A","I15,I25,RCH_A"
CP012,Non-alcoholic beverages,sub-division,"I15,I25,RCH_A","I15,I25,RCH_A","I15,I25,RCH_A","I15,I25,RCH_A","I15,I25,RCH_A","I15,I25,RCH_A"
CP0121,Fruit and vegetable juices (ND),sub-division,"I15,I25,RCH_A","I15,I25,RCH_A","I15,I25,RCH_A","I15,I25,RCH_A","I15,I25,RCH_A","I15,I25,RCH_A"
CP01210,Fruit and vegetable juices (ND),sub-division,"I15,I25,RCH_A","I15,I25,RCH_A","I15,I25,RCH_A","I15,I25,RCH_A","I15,I25,RCH_A","I15,I25,RCH_A"
CP0122,Coffee and coffee substitutes (ND),sub-division,"I15,I25,RCH_A","I15,I25,RCH_A","I15,I25,RCH_A","I15,I25,RCH_A","I15,I25,RCH_A","I15,I25,RCH_A"
CP01220,Coffee and coffee substitutes (ND),sub-division,"I15,I25,RCH_A","I15,I25,RCH_A","I15,I25,RCH_A","I15,I25,RCH_A","I15,I25,RCH_A","I15,I25,RCH_A"
CP0123,"Tea, maté and other plant-derived products for infusion (ND)",sub-division,"I15,I25,RCH_A","I15,I25,RCH_A","I15,I25,RCH_A","I15,I25,RCH_A","I15,I25,RCH_A","I15,I25,RCH_A"
CP01230,"Tea, maté and other plant-derived products for infusion (ND)",sub-division,"I15,I25,RCH_A","I15,I25,RCH_A","I15,I25,RCH_A","I15,I25,RCH_A","I15,I25,RCH_A","I15,I25,RCH_A"
CP0124,Cocoa drinks (ND),sub-division,,,,,"I15,I25,RCH_A","I15,I25,RCH_A"
CP01240,Cocoa drinks (ND),sub-division,,,,,"I15,I25,RCH_A","I15,I25,RCH_A"
CP0125,Water (ND),sub-division,"I15,I25,RCH_A","I15,I25,RCH_A","I15,I25,RCH_A","I15,I25,RCH_A","I15,I25,RCH_A","I15,I25,RCH_A"
CP01250,Water (ND),sub-division,"I15,I25,RCH_A","I15,I25,RCH_A","I15,I25,RCH_A","I15,I25,RCH_A","I15,I25,RCH_A","I15,I25,RCH_A"
CP0126,Soft drinks (ND),sub-division,"I15,I25,RCH_A","I15,I25,RCH_A","I15,I25,RCH_A","I15,I25,RCH_A","I15,I25,RCH_A","I15,I25,RCH_A"
CP01260,Soft drinks (ND),sub-division,"I15,I25,RCH_A","I15,I25,RCH_A","I15,I25,RCH_A","I15,I25,RCH_A","I15,I25,RCH_A","I15,I25,RCH_A"
CP0129,Other non-alcoholic beverages (ND),sub-division,"I15,I25","I15,I25","I15,I25,RCH_A","I15,I25","I15,I25,RCH_A","I15,I25,RCH_A"
CP01290,Other non-alcoholic beverages (ND),sub-division,"I15,I25","I15,I25","I15,I25,RCH_A","I15,I25","I15,I25,RCH_A","I15,I25,RCH_A"
CP021,Alcoholic beverages,sub-division,"I15,I25,RCH_A","I15,I25,RCH_A","I15,I25,RCH_A","I15,I25,RCH_A","I15,I25,RCH_A","I15,I25,RCH_A"
CP0211,Spirits and liquors (ND),sub-division,"I15,I25,RCH_A","I15,I25,RCH_A","I15,I25,RCH_A","I15,I25,RCH_A","I15,I25,RCH_A","I15,I25,RCH_A"
CP02110,Spirits and liquors (ND),sub-division,"I15,I25,RCH_A","I15,I25,RCH_A","I15,I25,RCH_A","I15,I25,RCH_A","I15,I25,RCH_A","I15,I25,RCH_A"
CP0212,Wine (ND),sub-division,"I15,I25,RCH_A","I15,I25,RCH_A","I15,I25,RCH_A","I15,I25,RCH_A","I15,I25,RCH_A","I15,I25,RCH_A"
CP02121,Wine from grapes (ND),sub-division,"I15,I25,RCH_A","I15,I25,RCH_A","I15,I25,RCH_A","I15,I25,RCH_A","I15,I25,RCH_A","I15,I25,RCH_A"
CP02122,Wine from other sources (ND),sub-division,,"I15,I25,RCH_A","I15,I25,RCH_A",,,"I15,I25,RCH_A"
CP0213,Beer (ND),sub-division,"I15,I25,RCH_A","I15,I25,RCH_A","I15,I25,RCH_A","I15,I25,RCH_A","I15,I25,RCH_A","I15,I25,RCH_A"
CP02130,Beer (ND),sub-division,"I15,I25,RCH_A","I15,I25,RCH_A","I15,I25,RCH_A","I15,I25,RCH_A","I15,I25,RCH_A","I15,I25,RCH_A"
CP0219,Other alcoholic beverages (ND),sub-division,,"I15,I25","I15,I25,RCH_A",,,"I15,I25,RCH_A"
CP02190,Other alcoholic beverages (ND),sub-division,,"I15,I25","I15,I25,RCH_A",,,"I15,I25,RCH_A"
CP022,Alcohol production services,sub-division,,,,,,"I15,I25"
CP0220,Alcohol production services (S),sub-division,,,,,,"I15,I25"
CP02200,Alcohol production services (S),sub-division,,,,,,"I15,I25"
CP023,Tobacco,sub-division,"I15,I25,RCH_A","I15,I25,RCH_A","I15,I25,RCH_A","I15,I25,RCH_A","I15,I25,RCH_A","I15,I25,RCH_A"
CP0230,Tobacco (ND),sub-division,"I15,I25,RCH_A","I15,I25,RCH_A","I15,I25,RCH_A","I15,I25,RCH_A","I15,I25,RCH_A","I15,I25,RCH_A"
CP02301,Cigarettes (ND),sub-division,"I15,I25,RCH_A","I15,I25,RCH_A","I15,I25,RCH_A","I15,I25,RCH_A","I15,I25,RCH_A","I15,I25,RCH_A"
CP02302,Cigars (ND),sub-division,,,,"I15,I25",,"I15,I25,RCH_A"
CP02309,Other tobacco products (ND),sub-division,,"I15,I25,RCH_A",,"I15,I25,RCH_A","I15,I25,RCH_A","I15,I25,RCH_A"
CP031,Clothing,sub-division,"I15,I25,RCH_A","I15,I25,RCH_A","I15,I25,RCH_A","I15,I25,RCH_A","I15,I25,RCH_A","I15,I25,RCH_A"
CP0311,Clothing materials (SD),sub-division,"I15,I25,RCH_A","I15,I25,RCH_A","I15,I25,RCH_A","I15,I25,RCH_A","I15,I25,RCH_A","I15,I25,RCH_A"
CP03110,Clothing materials (SD),sub-division,"I15,I25,RCH_A","I15,I25,RCH_A","I15,I25,RCH_A","I15,I25,RCH_A","I15,I25,RCH_A","I15,I25,RCH_A"
CP0312,Garments (SD),sub-division,"I15,I25,RCH_A","I15,I25,RCH_A","I15,I25,RCH_A","I15,I25,RCH_A","I15,I25,RCH_A","I15,I25,RCH_A"
CP03121,Garments for men or boys (SD),sub-division,"I15,I25,RCH_A","I15,I25,RCH_A","I15,I25,RCH_A","I15,I25,RCH_A","I15,I25,RCH_A","I15,I25,RCH_A"
CP03122,Garments for women or girls (SD),sub-division,"I15,I25,RCH_A","I15,I25,RCH_A","I15,I25,RCH_A","I15,I25,RCH_A","I15,I25,RCH_A","I15,I25,RCH_A"
CP03123,Garments for infants (under 2 years of age) (SD),sub-division,"I15,I25,RCH_A","I15,I25","I15,I25,RCH_A","I15,I25,RCH_A","I15,I25,RCH_A","I15,I25,RCH_A"
CP03124,School uniforms (SD),sub-division,"I15,I25",,,,,"I15,I25,RCH_A"
CP0313,Other articles of clothing and clothing accessories (SD),sub-division,"I15,I25,RCH_A","I15,I25,RCH_A","I15,I25,RCH_A","I15,I25,RCH_A","I15,I25,RCH_A","I15,I25,RCH_A"
CP03131,Other articles of clothing (SD),sub-division,"I15,I25","I15,I25,RCH_A","I15,I25,RCH_A","I15,I25,RCH_A","I15,I25,RCH_A","I15,I25,RCH_A"
CP03132,Clothing accessories (SD),sub-division,"I15,I25,RCH_A","I15,I25","I15,I25,RCH_A","I15,I25,RCH_A","I15,I25,RCH_A","I15,I25,RCH_A"
CP0314,"Cleaning, repair, tailoring and hire of clothing (S)",sub-division,"I15,I25,RCH_A","I15,I25,RCH_A","I15,I25,RCH_A","I15,I25,RCH_A","I15,I25,RCH_A","I15,I25,RCH_A"
CP03141,Cleaning of clothing (S),sub-division,"I15,I25,RCH_A","I15,I25,RCH_A","I15,I25,RCH_A","I15,I25,RCH_A","I15,I25,RCH_A","I15,I25,RCH_A"
CP03142,"Repair, tailoring and hire of clothing (S)",sub-division,"I15,I25,RCH_A","I15,I25,RCH_A","I15,I25,RCH_A",,"I15,I25,RCH_A","I15,I25,RCH_A"
CP032,Footwear,sub-division,"I15,I25,RCH_A","I15,I25,RCH_A","I15,I25,RCH_A","I15,I25,RCH_A","I15,I25,RCH_A","I15,I25,RCH_A"
CP0321,Shoes and other footwear (SD),sub-division,"I15,I25,RCH_A","I15,I25,RCH_A","I15,I25,RCH_A","I15,I25,RCH_A","I15,I25,RCH_A","I15,I25,RCH_A"
CP03211,Footwear for men (SD),sub-division,"I15,I25,RCH_A","I15,I25,RCH_A","I15,I25,RCH_A","I15,I25,RCH_A","I15,I25,RCH_A","I15,I25,RCH_A"
CP03212,Footwear for women (SD),sub-division,"I15,I25,RCH_A","I15,I25,RCH_A","I15,I25,RCH_A","I15,I25,RCH_A","I15,I25,RCH_A","I15,I25,RCH_A"
CP03213,Footwear for infants and children (SD),sub-division,"I15,I25,RCH_A","I15,I25,RCH_A","I15,I25,RCH_A","I15,I25,RCH_A","I15,I25,RCH_A","I15,I25,RCH_A"
CP0322,"Cleaning, repair and hire of footwear (S)",sub-division,"I15,I25,RCH_A","I15,I25,RCH_A","I15,I25,RCH_A","I15,I25,RCH_A","I15,I25,RCH_A","I15,I25,RCH_A"
CP03220,"Cleaning, repair and hire of footwear (S)",sub-division,"I15,I25,RCH_A","I15,I25,RCH_A","I15,I25,RCH_A","I15,I25,RCH_A","I15,I25,RCH_A","I15,I25,RCH_A"
CP041,Actual rental payments made for housing,sub-division,"I15,I25,RCH_A","I15,I25,RCH_A","I15,I25,RCH_A","I15,I25,RCH_A","I15,I25,RCH_A","I15,I25,RCH_A"
CP0411,Actual rental payments made by tenants for main residence (S),sub-division,"I15,I25,RCH_A","I15,I25,RCH_A","I15,I25,RCH_A","I15,I25,RCH_A","I15,I25,RCH_A","I15,I25,RCH_A"
CP04110,Actual rental payments made by tenants for main residence (S),sub-division,"I15,I25,RCH_A","I15,I25,RCH_A","I15,I25,RCH_A","I15,I25,RCH_A","I15,I25,RCH_A","I15,I25,RCH_A"
CP0412,Other actual rental payments (S),sub-division,,,,"I15,I25",,"I15,I25,RCH_A"
CP04121,Actual rental payments made by tenants for secondary residences (S),sub-division,,,,,,"I15,I25,RCH_A"
CP04122,Garage rental payments and other rental payments made by tenants (S),sub-division,,,,"I15,I25",,"I15,I25,RCH_A"
CP043,"Maintenance, repair and security of the dwelling",sub-division,"I15,I25,RCH_A","I15,I25,RCH_A","I15,I25,RCH_A","I15,I25,RCH_A","I15,I25,RCH_A","I15,I25,RCH_A"
CP0431,Security equipment and materials for dwelling maintenance and repair,sub-division,"I15,I25,RCH_A","I15,I25,RCH_A","I15,I25,RCH_A","I15,I25,RCH_A","I15,I25,RCH_A","I15,I25,RCH_A"
CP04311,Materials for the maintenance and repair of the dwelling (ND),sub-division,"I15,I25,RCH_A","I15,I25,RCH_A","I15,I25,RCH_A","I15,I25,RCH_A","I15,I25,RCH_A","I15,I25,RCH_A"
CP04312,Security equipment (SD),sub-division,,,,,,"I15,I25,RCH_A"
CP0432,"Services for the maintenance, repair and security of the dwelling (S)",sub-division,"I15,I25,RCH_A","I15,I25,RCH_A","I15,I25,RCH_A","I15,I25,RCH_A","I15,I25,RCH_A","I15,I25,RCH_A"
CP04320,"Services for the maintenance, repair and security of the dwelling (S)",sub-division,"I15,I25,RCH_A","I15,I25,RCH_A","I15,I25,RCH_A","I15,I25,RCH_A","I15,I25,RCH_A","I15,I25,RCH_A"
CP044,Water supply and miscellaneous services relating to the dwelling,sub-division,"I15,I25,RCH_A","I15,I25,RCH_A","I15,I25,RCH_A","I15,I25,RCH_A","I15,I25,RCH_A","I15,I25,RCH_A"
CP0441,Water supply (ND),sub-division,"I15,I25,RCH_A","I15,I25,RCH_A","I15,I25,RCH_A","I15,I25,RCH_A","I15,I25,RCH_A","I15,I25,RCH_A"
CP04411,Water supply delivered through network systems (ND),sub-division,"I15,I25,RCH_A","I15,I25,RCH_A","I15,I25,RCH_A","I15,I25,RCH_A","I15,I25,RCH_A","I15,I25,RCH_A"
CP0442,Refuse collection (S),sub-division,"I15,I25,RCH_A","I15,I25,RCH_A","I15,I25,RCH_A",,"I15,I25,RCH_A","I15,I25,RCH_A"
CP04420,Refuse collection (S),sub-division,"I15,I25,RCH_A","I15,I25,RCH_A","I15,I25,RCH_A",,"I15,I25,RCH_A","I15,I25,RCH_A"
CP0443,Sewage collection (S),sub-division,"I15,I25","I15,I25,RCH_A","I15,I25,RCH_A","I15,I25,RCH_A","I15,I25,RCH_A","I15,I25,RCH_A"
CP04431,Sewage collection through sewer systems (S),sub-division,"I15,I25","I15,I25,RCH_A","I15,I25,RCH_A","I15,I25,RCH_A","I15,I25,RCH_A","I15,I25,RCH_A"
CP04432,Sewage collection through on-site sanitation systems (S),sub-division,,,,,,"I15,I25,RCH_A"
CP0444,Other services related to the dwelling (S),sub-division,,"I15,I25,RCH_A",,,"I15,I25,RCH_A","I15,I25,RCH_A"
CP04441,Charges for maintenance of multi-occupied buildings (S),sub-division,,"I15,I25,RCH_A",,,,"I15,I25,RCH_A"
CP04449,Other services related to the dwelling n.e.c. (S),sub-division,,,,,"I15,I25,RCH_A","I15,I25,RCH_A"
CP045,"Electricity, gas and other fuels",sub-division,"I15,I25,RCH_A","I15,I25,RCH_A","I15,I25,RCH_A","I15,I25,RCH_A","I15,I25,RCH_A","I15,I25,RCH_A"
CP0451,Electricity (ND),sub-division,"I15,I25,RCH_A","I15,I25,RCH_A","I15,I25,RCH_A","I15,I25,RCH_A","I15,I25,RCH_A","I15,I25,RCH_A"
CP04510,Electricity (ND),sub-division,"I15,I25,RCH_A","I15,I25,RCH_A","I15,I25,RCH_A","I15,I25,RCH_A","I15,I25,RCH_A","I15,I25,RCH_A"
CP0452,Gas (ND),sub-division,"I15,I25,RCH_A","I15,I25,RCH_A","I15,I25,RCH_A","I15,I25,RCH_A","I15,I25,RCH_A","I15,I25,RCH_A"
CP04521,Natural gas through networks (ND),sub-division,"I15,I25,RCH_A",,"I15,I25,RCH_A","I15,I25,RCH_A",,"I15,I25,RCH_A"
CP04522,Liquefied hydrocarbons (ND),sub-division,,"I15,I25,RCH_A","I15,I25,RCH_A",,"I15,I25,RCH_A","I15,I25,RCH_A"
CP0453,Liquid fuels (ND),sub-division,,,"I15,I25,RCH_A",,"I15,I25,RCH_A","I15,I25,RCH_A"
CP04530,Liquid fuels (ND),sub-division,,,"I15,I25,RCH_A",,"I15,I25,RCH_A","I15,I25,RCH_A"
CP0454,Solid fuels (ND),sub-division,"I15,I25,RCH_A","I15,I25,RCH_A","I15,I25,RCH_A","I15,I25,RCH_A","I15,I25,RCH_A","I15,I25,RCH_A"
CP04541,"Coal, coal briquettes, peat and peat briquettes (ND)",sub-division,"I15,I25","I15,I25,RCH_A","I15,I25,RCH_A",,,"I15,I25,RCH_A"
CP04542,"Wood fuel, including pellets and briquettes (ND)",sub-division,"I15,I25,RCH_A","I15,I25,RCH_A","I15,I25,RCH_A","I15,I25,RCH_A","I15,I25,RCH_A","I15,I25,RCH_A"
CP04543,Charcoal (ND),sub-division,,"I15,I25",,"I15,I25",,"I15,I25,RCH_A"
CP04549,Other solid fuels (ND),sub-division,,,,,,"I15,I25,RCH_A"
CP0455,Other energy for heating and cooling (ND),sub-division,"I15,I25,RCH_A",,"I15,I25,RCH_A",,"I15,I25,RCH_A","I15,I25,RCH_A"
CP04550,Other energy for heating and cooling (ND),sub-division,"I15,I25,RCH_A",,"I15,I25,RCH_A",,"I15,I25,RCH_A","I15,I25,RCH_A"
CP051,"Furniture, furnishings, and loose carpets",sub-division,"I15,I25,RCH_A","I15,I25,RCH_A","I15,I25,RCH_A","I15,I25,RCH_A","I15,I25,RCH_A","I15,I25,RCH_A"
CP0511,"Furniture, furnishings and loose carpets (D)",sub-division,"I15,I25,RCH_A","I15,I25,RCH_A","I15,I25,RCH_A","I15,I25,RCH_A","I15,I25,RCH_A","I15,I25,RCH_A"
CP05111,Household furniture (D),sub-division,"I15,I25,RCH_A","I15,I25,RCH_A","I15,I25,RCH_A","I15,I25,RCH_A","I15,I25,RCH_A","I15,I25,RCH_A"
CP05112,Garden and camping furniture (D),sub-division,"I15,I25,RCH_A","I15,I25,RCH_A","I15,I25,RCH_A",,"I15,I25,RCH_A","I15,I25,RCH_A"
CP05113,Lighting equipment (D),sub-division,"I15,I25,RCH_A","I15,I25,RCH_A","I15,I25,RCH_A","I15,I25,RCH_A","I15,I25,RCH_A","I15,I25,RCH_A"
CP05114,"Furnishings, loose carpets and rugs (D)",sub-division,"I15,I25,RCH_A","I15,I25,RCH_A","I15,I25,RCH_A","I15,I25,RCH_A","I15,I25,RCH_A","I15,I25,RCH_A"
CP0512,"Repair, installation and hire of furniture, furnishings and loose carpets (S)",sub-division,,,"I15,I25,RCH_A","I15,I25,RCH_A","I15,I25,RCH_A","I15,I25,RCH_A"
CP05120,"Repair, installation and hire of furniture, furnishings and loose carpets (S)",sub-division,,,"I15,I25,RCH_A","I15,I25,RCH_A","I15,I25,RCH_A","I15,I25,RCH_A"
CP052,Household textiles,sub-division,"I15,I25,RCH_A","I15,I25,RCH_A","I15,I25,RCH_A","I15,I25,RCH_A","I15,I25,RCH_A","I15,I25,RCH_A"
CP0521,Household textiles (SD),sub-division,"I15,I25,RCH_A","I15,I25,RCH_A","I15,I25,RCH_A","I15,I25,RCH_A","I15,I25,RCH_A","I15,I25,RCH_A"
CP05211,Furnishing fabrics and curtains (SD),sub-division,"I15,I25,RCH_A","I15,I25,RCH_A","I15,I25,RCH_A","I15,I25,RCH_A","I15,I25,RCH_A","I15,I25,RCH_A"
CP05212,Bed linen and bedding (SD),sub-division,"I15,I25,RCH_A","I15,I25,RCH_A","I15,I25,RCH_A","I15,I25,RCH_A","I15,I25,RCH_A","I15,I25,RCH_A"
CP05213,Table linen and bathroom linen (SD),sub-division,,"I15,I25,RCH_A","I15,I25,RCH_A","I15,I25,RCH_A","I15,I25,RCH_A","I15,I25,RCH_A"
CP05219,Other household textiles (SD),sub-division,,"I15,I25",,,,"I15,I25,RCH_A"
CP053,Household appliances,sub-division,"I15,I25,RCH_A","I15,I25,RCH_A","I15,I25,RCH_A","I15,I25,RCH_A","I15,I25,RCH_A","I15,I25,RCH_A"
CP0531,Major electric and other household appliances (D),sub-division,"I15,I25,RCH_A","I15,I25,RCH_A","I15,I25,RCH_A","I15,I25,RCH_A","I15,I25,RCH_A","I15,I25,RCH_A"
CP05311,Major kitchen appliances (D),sub-division,"I15,I25,RCH_A","I15,I25,RCH_A","I15,I25,RCH_A","I15,I25,RCH_A","I15,I25,RCH_A","I15,I25,RCH_A"
CP05312,Major laundry appliances (D),sub-division,"I15,I25,RCH_A","I15,I25,RCH_A","I15,I25,RCH_A","I15,I25,RCH_A","I15,I25,RCH_A","I15,I25,RCH_A"
CP05313,Heaters and air conditioners (D),sub-division,"I15,I25","I15,I25,RCH_A","I15,I25,RCH_A","I15,I25,RCH_A","I15,I25,RCH_A","I15,I25,RCH_A"
CP05314,Cleaning equipment (D),sub-division,"I15,I25,RCH_A","I15,I25,RCH_A","I15,I25,RCH_A","I15,I25,RCH_A","I15,I25,RCH_A","I15,I25,RCH_A"
CP05319,Other major household appliances (D),sub-division,,,,,,"I15,I25,RCH_A"
CP0532,Small household appliances (SD),sub-division,"I15,I25,RCH_A","I15,I25,RCH_A","I15,I25,RCH_A","I15,I25,RCH_A","I15,I25,RCH_A","I15,I25,RCH_A"
CP05321,Small appliances for the cooking and processing of food (SD),sub-division,"I15,I25,RCH_A","I15,I25,RCH_A","I15,I25,RCH_A","I15,I25,RCH_A","I15,I25,RCH_A","I15,I25,RCH_A"
CP05322,Small appliances for the preparation of beverages (SD),sub-division,"I15,I25,RCH_A","I15,I25","I15,I25,RCH_A","I15,I25,RCH_A","I15,I25,RCH_A","I15,I25,RCH_A"
CP05329,Other small household appliances (SD),sub-division,"I15,I25,RCH_A","I15,I25,RCH_A","I15,I25,RCH_A","I15,I25,RCH_A","I15,I25,RCH_A","I15,I25,RCH_A"
CP0533,"Repair, installation and hire of household appliances (S)",sub-division,"I15,I25,RCH_A","I15,I25,RCH_A","I15,I25,RCH_A","I15,I25,RCH_A","I15,I25,RCH_A","I15,I25,RCH_A"
CP05330,"Repair, installation and hire of household appliances (S)",sub-division,"I15,I25,RCH_A","I15,I25,RCH_A","I15,I25,RCH_A","I15,I25,RCH_A","I15,I25,RCH_A","I15,I25,RCH_A"
CP054,"Glassware, tableware and household utensils",sub-division,"I15,I25,RCH_A","I15,I25,RCH_A","I15,I25,RCH_A","I15,I25,RCH_A","I15,I25,RCH_A","I15,I25,RCH_A"
CP0540,"Glassware, tableware and household utensils (SD)",sub-division,"I15,I25,RCH_A","I15,I25,RCH_A","I15,I25,RCH_A","I15,I25,RCH_A","I15,I25,RCH_A","I15,I25,RCH_A"
CP05401,"Glassware, crystal ware, ceramic ware and china ware (SD)",sub-division,"I15,I25,RCH_A","I15,I25,RCH_A","I15,I25,RCH_A","I15,I25,RCH_A","I15,I25,RCH_A","I15,I25,RCH_A"
CP05402,"Cutlery, flatware and silverware (SD)",sub-division,"I15,I25,RCH_A","I15,I25,RCH_A","I15,I25,RCH_A","I15,I25,RCH_A","I15,I25,RCH_A","I15,I25,RCH_A"
CP05403,Kitchen utensils and articles (SD),sub-division,"I15,I25,RCH_A","I15,I25,RCH_A","I15,I25,RCH_A","I15,I25,RCH_A","I15,I25,RCH_A","I15,I25,RCH_A"
CP055,Tools and equipment for house and garden,sub-division,"I15,I25,RCH_A","I15,I25,RCH_A","I15,I25,RCH_A","I15,I25,RCH_A","I15,I25,RCH_A","I15,I25,RCH_A"
CP0551,Motorized tools and equipment (D),sub-division,"I15,I25,RCH_A","I15,I25,RCH_A","I15,I25,RCH_A","I15,I25,RCH_A","I15,I25,RCH_A","I15,I25,RCH_A"
CP05510,Motorized tools and equipment (D),sub-division,"I15,I25,RCH_A","I15,I25,RCH_A","I15,I25,RCH_A","I15,I25,RCH_A","I15,I25,RCH_A","I15,I25,RCH_A"
CP0552,Non-motorized tools and miscellaneous accessories (SD),sub-division,"I15,I25,RCH_A","I15,I25,RCH_A","I15,I25,RCH_A","I15,I25,RCH_A","I15,I25,RCH_A","I15,I25,RCH_A"
CP05521,Non-motorized tools (SD),sub-division,"I15,I25,RCH_A","I15,I25,RCH_A","I15,I25,RCH_A","I15,I25,RCH_A","I15,I25,RCH_A","I15,I25,RCH_A"
CP05522,Miscellaneous accessories (SD),sub-division,"I15,I25,RCH_A","I15,I25,RCH_A","I15,I25,RCH_A","I15,I25","I15,I25,RCH_A","I15,I25,RCH_A"
CP0553,Repair and hire of motorized and non-motorized tools and equipment (S),sub-division,,,,,"I15,I25,RCH_A","I15,I25,RCH_A"
CP05530,Repair and hire of motorized and non-motorized tools and equipment (S),sub-division,,,,,"I15,I25,RCH_A","I15,I25,RCH_A"
CP056,Goods and services for routine household maintenance,sub-division,"I15,I25,RCH_A","I15,I25,RCH_A","I15,I25,RCH_A","I15,I25,RCH_A","I15,I25,RCH_A","I15,I25,RCH_A"
CP0561,Non-durable household goods (ND),sub-division,"I15,I25,RCH_A","I15,I25,RCH_A","I15,I25,RCH_A","I15,I25,RCH_A","I15,I25,RCH_A","I15,I25,RCH_A"
CP05611,Household cleaning and maintenance products (ND),sub-division,"I15,I25,RCH_A","I15,I25,RCH_A","I15,I25,RCH_A","I15,I25,RCH_A","I15,I25,RCH_A","I15,I25,RCH_A"
CP05619,Other non-durable household goods (ND),sub-division,"I15,I25,RCH_A","I15,I25,RCH_A","I15,I25,RCH_A","I15,I25,RCH_A","I15,I25,RCH_A","I15,I25,RCH_A"
CP0562,Domestic services and household services (S),sub-division,"I15,I25,RCH_A","I15,I25,RCH_A","I15,I25,RCH_A","I15,I25,RCH_A","I15,I25,RCH_A","I15,I25,RCH_A"
CP05621,Domestic services provided by paid staff (S),sub-division,"I15,I25,RCH_A",,"I15,I25,RCH_A","I15,I25,RCH_A",,"I15,I25,RCH_A"
CP05629,Other household services (S),sub-division,"I15,I25","I15,I25,RCH_A","I15,I25,RCH_A","I15,I25,RCH_A","I15,I25,RCH_A","I15,I25,RCH_A"
CP061,Medicines and health products,sub-division,"I15,I25,RCH_A","I15,I25,RCH_A","I15,I25,RCH_A","I15,I25,RCH_A","I15,I25,RCH_A","I15,I25,RCH_A"
CP0611,Medicines (ND),sub-division,"I15,I25,RCH_A","I15,I25,RCH_A","I15,I25,RCH_A","I15,I25,RCH_A","I15,I25,RCH_A","I15,I25,RCH_A"
CP06111,"Medicines, vaccines and other pharmaceutical preparations (ND)",sub-division,"I15,I25,RCH_A","I15,I25,RCH_A","I15,I25,RCH_A","I15,I25,RCH_A","I15,I25,RCH_A","I15,I25,RCH_A"
CP06112,Herbal medicines and homeopathic products (ND),sub-division,,,,,"I15,I25,RCH_A","I15,I25,RCH_A"
CP0612,Medical products (ND),sub-division,"I15,I25,RCH_A","I15,I25,RCH_A","I15,I25,RCH_A","I15,I25,RCH_A","I15,I25,RCH_A","I15,I25,RCH_A"
CP06121,Medical diagnostic products (ND),sub-division,"I15,I25,RCH_A","I15,I25,RCH_A","I15,I25,RCH_A","I15,I25,RCH_A","I15,I25,RCH_A","I15,I25,RCH_A"
CP06122,Preventive and protective devices (ND),sub-division,"I15,I25","I15,I25,RCH_A","I15,I25,RCH_A","I15,I25","I15,I25,RCH_A","I15,I25,RCH_A"
CP06123,Treatment devices for personal use (ND),sub-division,"I15,I25,RCH_A","I15,I25,RCH_A","I15,I25,RCH_A","I15,I25,RCH_A","I15,I25,RCH_A","I15,I25,RCH_A"
CP0613,Assistive products (D),sub-division,"I15,I25,RCH_A","I15,I25,RCH_A","I15,I25,RCH_A","I15,I25,RCH_A","I15,I25,RCH_A","I15,I25,RCH_A"
CP06131,Assistive products for vision (D),sub-division,"I15,I25,RCH_A","I15,I25,RCH_A","I15,I25,RCH_A","I15,I25,RCH_A","I15,I25,RCH_A","I15,I25,RCH_A"
CP06132,Assistive products for hearing and communication (D),sub-division,,"I15,I25,RCH_A",,,"I15,I25,RCH_A","I15,I25,RCH_A"
CP06133,Assistive products for mobility and daily living (D),sub-division,,"I15,I25,RCH_A",,"I15,I25","I15,I25,RCH_A","I15,I25,RCH_A"
CP0614,"Repair, rental and maintenance of medical and assistive products (S)",sub-division,,,,,,"I15,I25,RCH_A"
CP06140,"Repair, rental and maintenance of medical and assistive products (S)",sub-division,,,,,,"I15,I25,RCH_A"
CP062,Outpatient care services,sub-division,"I15,I25,RCH_A","I15,I25,RCH_A","I15,I25,RCH_A","I15,I25,RCH_A","I15,I25,RCH_A","I15,I25,RCH_A"
CP0621,Preventive care services (S),sub-division,,,,,"I15,I25,RCH_A","I15,I25,RCH_A"
CP06211,Immunization services (S),sub-division,,,,,"I15,I25,RCH_A","I15,I25,RCH_A"
CP06219,Other preventive care services (S),sub-division,,,,,"I15,I25,RCH_A","I15,I25,RCH_A"
CP0622,Outpatient dental services (S),sub-division,"I15,I25,RCH_A","I15,I25,RCH_A","I15,I25,RCH_A","I15,I25,RCH_A","I15,I25,RCH_A","I15,I25,RCH_A"
CP06221,Dental preventive services (S),sub-division,,,,"I15,I25,RCH_A",,"I15,I25,RCH_A"
CP06229,Other outpatient dental services (S),sub-division,"I15,I25,RCH_A","I15,I25,RCH_A","I15,I25,RCH_A","I15,I25","I15,I25,RCH_A","I15,I25,RCH_A"
CP0623,Other outpatient care services (S),sub-division,"I15,I25,RCH_A","I15,I25,RCH_A","I15,I25,RCH_A","I15,I25,RCH_A","I15,I25,RCH_A","I15,I25,RCH_A"
CP06231,Outpatient curative and rehabilitative services (S),sub-division,"I15,I25,RCH_A","I15,I25,RCH_A","I15,I25,RCH_A","I15,I25,RCH_A","I15,I25,RCH_A","I15,I25,RCH_A"
CP06232,Outpatient long-term care services (S),sub-division,,,,,"I15,I25,RCH_A","I15,I25,RCH_A"
CP063,Inpatient care services,sub-division,"I15,I25,RCH_A",,,"I15,I25,RCH_A","I15,I25,RCH_A","I15,I25,RCH_A"
CP0631,Inpatient curative and rehabilitative services (S),sub-division,"I15,I25,RCH_A",,,"I15,I25,RCH_A","I15,I25,RCH_A","I15,I25,RCH_A"
CP06310,Inpatient curative and rehabilitative services (S),sub-division,"I15,I25,RCH_A",,,"I15,I25,RCH_A","I15,I25,RCH_A","I15,I25,RCH_A"
CP0632,Inpatient long-term care services (S),sub-division,,,,,,"I15,I25,RCH_A"
CP06320,Inpatient long-term care services (S),sub-division,,,,,,"I15,I25,RCH_A"
CP064,Other health services,sub-division,"I15,I25,RCH_A","I15,I25,RCH_A","I15,I25,RCH_A","I15,I25,RCH_A","I15,I25,RCH_A","I15,I25,RCH_A"
CP0641,Diagnostic imaging services and medical laboratory services (S),sub-division,"I15,I25,RCH_A","I15,I25,RCH_A","I15,I25,RCH_A","I15,I25,RCH_A","I15,I25,RCH_A","I15,I25,RCH_A"
CP06410,Diagnostic imaging services and medical laboratory services (S),sub-division,"I15,I25,RCH_A","I15,I25,RCH_A","I15,I25,RCH_A","I15,I25,RCH_A","I15,I25,RCH_A","I15,I25,RCH_A"
CP0642,Patient emergency transportation and emergency rescue services (S),sub-division,,,,,,"I15,I25,RCH_A"
CP06420,Patient emergency transportation and emergency rescue services (S),sub-division,,,,,,"I15,I25,RCH_A"
CP071,Purchase of vehicles,sub-division,"I15,I25,RCH_A","I15,I25,RCH_A","I15,I25,RCH_A","I15,I25,RCH_A","I15,I25,RCH_A","I15,I25,RCH_A"
CP0711,Motor cars (D),sub-division,"I15,I25,RCH_A","I15,I25,RCH_A","I15,I25,RCH_A","I15,I25,RCH_A","I15,I25,RCH_A","I15,I25,RCH_A"
CP07111,New motor cars (D),sub-division,"I15,I25,RCH_A","I15,I25,RCH_A","I15,I25,RCH_A","I15,I25,RCH_A","I15,I25,RCH_A","I15,I25,RCH_A"
CP07112,Second-hand motor cars (D),sub-division,"I15,I25,RCH_A","I15,I25","I15,I25,RCH_A","I15,I25,RCH_A","I15,I25,RCH_A","I15,I25,RCH_A"
CP0712,Motorcycles (D),sub-division,"I15,I25,RCH_A","I15,I25",,"I15,I25,RCH_A","I15,I25,RCH_A","I15,I25,RCH_A"
CP07120,Motorcycles (D),sub-division,"I15,I25,RCH_A","I15,I25",,"I15,I25,RCH_A","I15,I25,RCH_A","I15,I25,RCH_A"
CP0713,Bicycles (D),sub-division,"I15,I25,RCH_A","I15,I25,RCH_A","I15,I25,RCH_A","I15,I25,RCH_A","I15,I25,RCH_A","I15,I25,RCH_A"
CP07130,Bicycles (D),sub-division,"I15,I25,RCH_A","I15,I25,RCH_A","I15,I25,RCH_A","I15,I25,RCH_A","I15,I25,RCH_A","I15,I25,RCH_A"
CP072,Operation of personal transport equipment,sub-division,"I15,I25,RCH_A","I15,I25,RCH_A","I15,I25,RCH_A","I15,I25,RCH_A","I15,I25,RCH_A","I15,I25,RCH_A"
CP0721,Parts and accessories for personal transport equipment (SD),sub-division,"I15,I25,RCH_A","I15,I25,RCH_A","I15,I25,RCH_A","I15,I25,RCH_A","I15,I25,RCH_A","I15,I25,RCH_A"
CP07211,Tyres (SD),sub-division,"I15,I25,RCH_A","I15,I25,RCH_A","I15,I25,RCH_A","I15,I25,RCH_A","I15,I25,RCH_A","I15,I25,RCH_A"
CP07212,Parts for personal transport equipment (SD),sub-division,"I15,I25,RCH_A","I15,I25,RCH_A","I15,I25,RCH_A","I15,I25,RCH_A","I15,I25,RCH_A","I15,I25,RCH_A"
CP07213,Accessories for personal transport equipment (SD),sub-division,"I15,I25","I15,I25,RCH_A",,,"I15,I25,RCH_A","I15,I25,RCH_A"
CP0722,Fuels and lubricants for personal transport equipment (ND),sub-division,"I15,I25,RCH_A","I15,I25,RCH_A","I15,I25,RCH_A","I15,I25,RCH_A","I15,I25,RCH_A","I15,I25,RCH_A"
CP07221,Diesel (ND),sub-division,"I15,I25,RCH_A","I15,I25,RCH_A","I15,I25,RCH_A","I15,I25,RCH_A","I15,I25,RCH_A","I15,I25,RCH_A"
CP07222,Petrol (ND),sub-division,"I15,I25,RCH_A","I15,I25,RCH_A","I15,I25,RCH_A","I15,I25,RCH_A","I15,I25,RCH_A","I15,I25,RCH_A"
CP07223,Other fuels for personal transport equipment (ND),sub-division,,"I15,I25,RCH_A",,"I15,I25,RCH_A","I15,I25,RCH_A","I15,I25,RCH_A"
CP07224,Lubricants (ND),sub-division,"I15,I25,RCH_A","I15,I25,RCH_A","I15,I25,RCH_A","I15,I25,RCH_A","I15,I25,RCH_A","I15,I25,RCH_A"
CP0723,Maintenance and repair of personal transport equipment (S),sub-division,"I15,I25,RCH_A","I15,I25,RCH_A","I15,I25,RCH_A","I15,I25,RCH_A","I15,I25,RCH_A","I15,I25,RCH_A"
CP07230,Maintenance and repair of personal transport equipment (S),sub-division,"I15,I25,RCH_A","I15,I25,RCH_A","I15,I25,RCH_A","I15,I25,RCH_A","I15,I25,RCH_A","I15,I25,RCH_A"
CP0724,Other services related to personal transport equipment (S),sub-division,"I15,I25,RCH_A","I15,I25,RCH_A","I15,I25,RCH_A","I15,I25,RCH_A","I15,I25,RCH_A","I15,I25,RCH_A"
CP07241,Parking services (S),sub-division,"I15,I25,RCH_A","I15,I25,RCH_A","I15,I25,RCH_A","I15,I25,RCH_A","I15,I25,RCH_A","I15,I25,RCH_A"
CP07242,Toll facilities (S),sub-division,,"I15,I25,RCH_A","I15,I25,RCH_A",,"I15,I25,RCH_A","I15,I25,RCH_A"
CP07243,"Driving lessons, tests, licences and roadworthiness tests (S)",sub-division,"I15,I25","I15,I25,RCH_A","I15,I25,RCH_A","I15,I25,RCH_A","I15,I25,RCH_A","I15,I25,RCH_A"
CP07244,Hire of personal transport equipment without driver (S),sub-division,"I15,I25","I15,I25",,,,"I15,I25,RCH_A"
CP073,Passenger transport services,sub-division,"I15,I25,RCH_A","I15,I25,RCH_A","I15,I25,RCH_A","I15,I25,RCH_A","I15,I25,RCH_A","I15,I25,RCH_A"
CP0731,Passenger transport by railway (S),sub-division,"I15,I25,RCH_A","I15,I25,RCH_A","I15,I25,RCH_A","I15,I25,RCH_A","I15,I25,RCH_A","I15,I25,RCH_A"
CP07311,Passenger transport by train (S),sub-division,"I15,I25,RCH_A","I15,I25,RCH_A","I15,I25,RCH_A","I15,I25,RCH_A","I15,I25,RCH_A","I15,I25,RCH_A"
CP07312,Passenger transport by rapid transit and tram (S),sub-division,,,,,,"I15,I25,RCH_A"
CP0732,Passenger transport by road (S),sub-division,"I15,I25,RCH_A","I15,I25,RCH_A","I15,I25,RCH_A","I15,I25,RCH_A","I15,I25,RCH_A","I15,I25,RCH_A"
CP07321,Passenger transport by bus and coach (S),sub-division,"I15,I25,RCH_A","I15,I25,RCH_A","I15,I25,RCH_A","I15,I25,RCH_A","I15,I25,RCH_A","I15,I25,RCH_A"
CP07322,Passenger transport by taxi and hired vehicle with driver (S),sub-division,"I15,I25,RCH_A","I15,I25,RCH_A","I15,I25,RCH_A","I15,I25,RCH_A","I15,I25,RCH_A","I15,I25,RCH_A"
CP07323,Passenger transport for students to and from school (S),sub-division,,,,,,"I15,I25,RCH_A"
CP0733,Passenger transport by air (S),sub-division,"I15,I25,RCH_A","I15,I25,RCH_A","I15,I25,RCH_A","I15,I25,RCH_A","I15,I25,RCH_A","I15,I25,RCH_A"
CP07331,"Passenger transport by air, domestic (S)",sub-division,,,,,,"I15,I25,RCH_A"
CP07332,"Passenger transport by air, international (S)",sub-division,"I15,I25,RCH_A","I15,I25,RCH_A","I15,I25,RCH_A","I15,I25,RCH_A","I15,I25,RCH_A","I15,I25,RCH_A"
CP0734,Passenger transport by sea and inland waterway (S),sub-division,,"I15,I25,RCH_A",,"I15,I25,RCH_A",,"I15,I25,RCH_A"
CP07340,Passenger transport by sea and inland waterway (S),sub-division,,"I15,I25,RCH_A",,"I15,I25,RCH_A",,"I15,I25,RCH_A"
CP0735,Combined passenger transport (S),sub-division,,,,,,"I15,I25,RCH_A"
CP07350,Combined passenger transport (S),sub-division,,,,,,"I15,I25,RCH_A"
CP0736,Other passenger transport services (S),sub-division,,,,,,"I15,I25,RCH_A"
CP07360,Other passenger transport services (S),sub-division,,,,,,"I15,I25,RCH_A"
CP074,Transport services for goods,sub-division,"I15,I25,RCH_A","I15,I25,RCH_A","I15,I25,RCH_A","I15,I25,RCH_A","I15,I25,RCH_A","I15,I25,RCH_A"
CP0741,Postal and courier services (S),sub-division,"I15,I25,RCH_A","I15,I25,RCH_A","I15,I25,RCH_A","I15,I25,RCH_A","I15,I25,RCH_A","I15,I25,RCH_A"
CP07411,Letter handling services (S),sub-division,"I15,I25,RCH_A","I15,I25,RCH_A","I15,I25,RCH_A","I15,I25,RCH_A","I15,I25,RCH_A","I15,I25,RCH_A"
CP07412,Courier and parcel delivery services (S),sub-division,,"I15,I25,RCH_A","I15,I25,RCH_A","I15,I25,RCH_A","I15,I25,RCH_A","I15,I25,RCH_A"
CP0749,Other transport of goods (S),sub-division,"I15,I25","I15,I25","I15,I25","I15,I25",,"I15,I25,RCH_A"
CP07491,Removal and storage services (S),sub-division,,,,,,"I15,I25,RCH_A"
CP07492,Delivery of goods (S),sub-division,"I15,I25","I15,I25","I15,I25","I15,I25",,"I15,I25,RCH_A"
CP081,Information and communication equipment,sub-division,"I15,I25,RCH_A","I15,I25,RCH_A","I15,I25,RCH_A","I15,I25,RCH_A","I15,I25,RCH_A","I15,I25,RCH_A"
CP0811,Fixed telephone equipment (D),sub-division,"I15,I25,RCH_A","I15,I25,RCH_A","I15,I25,RCH_A","I15,I25,RCH_A","I15,I25,RCH_A","I15,I25,RCH_A"
CP08110,Fixed telephone equipment (D),sub-division,"I15,I25,RCH_A","I15,I25,RCH_A","I15,I25,RCH_A","I15,I25,RCH_A","I15,I25,RCH_A","I15,I25,RCH_A"
CP0812,Mobile telephone equipment (D),sub-division,"I15,I25,RCH_A","I15,I25,RCH_A","I15,I25,RCH_A","I15,I25,RCH_A","I15,I25,RCH_A","I15,I25,RCH_A"
CP08120,Mobile telephone equipment (D),sub-division,"I15,I25,RCH_A","I15,I25,RCH_A","I15,I25,RCH_A","I15,I25,RCH_A","I15,I25,RCH_A","I15,I25,RCH_A"
CP0813,Information processing equipment (D),sub-division,"I15,I25,RCH_A","I15,I25,RCH_A","I15,I25,RCH_A","I15,I25,RCH_A","I15,I25,RCH_A","I15,I25,RCH_A"
CP08131,"Computers, laptops and tablets (D)",sub-division,"I15,I25,RCH_A","I15,I25,RCH_A","I15,I25,RCH_A","I15,I25,RCH_A","I15,I25,RCH_A","I15,I25,RCH_A"
CP08132,Peripheral equipment and its consumable components (D),sub-division,"I15,I25,RCH_A","I15,I25,RCH_A","I15,I25,RCH_A",,"I15,I25,RCH_A","I15,I25,RCH_A"
CP0814,"Equipment for the reception, recording and reproduction of sound and vision (D)",sub-division,"I15,I25,RCH_A","I15,I25,RCH_A","I15,I25,RCH_A","I15,I25,RCH_A","I15,I25,RCH_A","I15,I25,RCH_A"
CP08140,"Equipment for the reception, recording and reproduction of sound and vision (D)",sub-division,"I15,I25,RCH_A","I15,I25,RCH_A","I15,I25,RCH_A","I15,I25,RCH_A","I15,I25,RCH_A","I15,I25,RCH_A"
CP0815,Unrecorded recording media (SD),sub-division,"I15,I25,RCH_A","I15,I25,RCH_A","I15,I25,RCH_A","I15,I25,RCH_A","I15,I25,RCH_A","I15,I25,RCH_A"
CP08150,Unrecorded recording media (SD),sub-division,"I15,I25,RCH_A","I15,I25,RCH_A","I15,I25,RCH_A","I15,I25,RCH_A","I15,I25,RCH_A","I15,I25,RCH_A"
CP0819,Other information and communication equipment and accessories (D),sub-division,"I15,I25","I15,I25",,"I15,I25","I15,I25,RCH_A","I15,I25,RCH_A"
CP08191,Other information and communication equipment (D),sub-division,"I15,I25","I15,I25",,"I15,I25","I15,I25,RCH_A","I15,I25,RCH_A"
CP08192,Other information and communication accessories (SD),sub-division,"I15,I25","I15,I25",,,,"I15,I25,RCH_A"
CP082,"Software, excluding games",sub-division,,,,"I15,I25,RCH_A","I15,I25,RCH_A","I15,I25,RCH_A"
CP0820,"Software, excluding games (S)",sub-division,,,,"I15,I25,RCH_A","I15,I25,RCH_A","I15,I25,RCH_A"
CP08200,"Software, excluding games (S)",sub-division,,,,"I15,I25,RCH_A","I15,I25,RCH_A","I15,I25,RCH_A"
CP083,Information and communication services,sub-division,"I15,I25,RCH_A","I15,I25,RCH_A","I15,I25,RCH_A","I15,I25,RCH_A","I15,I25,RCH_A","I15,I25,RCH_A"
CP0831,Fixed communication services (S),sub-division,"I15,I25,RCH_A","I15,I25,RCH_A","I15,I25,RCH_A","I15,I25,RCH_A","I15,I25,RCH_A","I15,I25,RCH_A"
CP08310,Fixed communication services (S),sub-division,"I15,I25,RCH_A","I15,I25,RCH_A","I15,I25,RCH_A","I15,I25,RCH_A","I15,I25,RCH_A","I15,I25,RCH_A"
CP0832,Mobile communication services (S),sub-division,"I15,I25,RCH_A","I15,I25,RCH_A","I15,I25,RCH_A","I15,I25,RCH_A","I15,I25,RCH_A","I15,I25,RCH_A"
CP08320,Mobile communication services (S),sub-division,"I15,I25,RCH_A","I15,I25,RCH_A","I15,I25,RCH_A","I15,I25,RCH_A","I15,I25,RCH_A","I15,I25,RCH_A"
CP0833,Internet access provision services and online storage services (S),sub-division,"I15,I25,RCH_A","I15,I25,RCH_A","I15,I25,RCH_A","I15,I25,RCH_A","I15,I25,RCH_A","I15,I25,RCH_A"
CP08330,Internet access provision services and online storage services (S),sub-division,"I15,I25,RCH_A","I15,I25,RCH_A","I15,I25,RCH_A","I15,I25,RCH_A","I15,I25,RCH_A","I15,I25,RCH_A"
CP0834,Bundled telecommunication services (S),sub-division,"I15,I25,RCH_A","I15,I25,RCH_A","I15,I25,RCH_A","I15,I25,RCH_A","I15,I25,RCH_A","I15,I25,RCH_A"
CP08340,Bundled telecommunication services (S),sub-division,"I15,I25,RCH_A","I15,I25,RCH_A","I15,I25,RCH_A","I15,I25,RCH_A","I15,I25,RCH_A","I15,I25,RCH_A"
CP0835,Repair and rental of information and communication equipment (S),sub-division,,"I15,I25,RCH_A",,"I15,I25,RCH_A","I15,I25,RCH_A","I15,I25,RCH_A"
CP08350,Repair and rental of information and communication equipment (S),sub-division,,"I15,I25,RCH_A",,"I15,I25,RCH_A","I15,I25,RCH_A","I15,I25,RCH_A"
CP0839,Other information and communication services (S),sub-division,"I15,I25,RCH_A","I15,I25,RCH_A","I15,I25,RCH_A","I15,I25,RCH_A","I15,I25,RCH_A","I15,I25,RCH_A"
CP08391,Television and radio licences and fees (S),sub-division,,,"I15,I25,RCH_A",,,"I15,I25,RCH_A"
CP08392,Subscriptions to audiovisual streaming services and rental of audiovisual content (S),sub-division,"I15,I25,RCH_A","I15,I25,RCH_A","I15,I25,RCH_A","I15,I25,RCH_A","I15,I25,RCH_A","I15,I25,RCH_A"
CP08399,Other information and communication services n.e.c. (S),sub-division,,,"I15,I25,RCH_A",,"I15,I25,RCH_A","I15,I25,RCH_A"
CP091,Recreational durables,sub-division,"I15,I25,RCH_A","I15,I25,RCH_A","I15,I25,RCH_A","I15,I25,RCH_A","I15,I25,RCH_A","I15,I25,RCH_A"
CP0911,Photographic and cinematographic equipment and optical instruments (D),sub-division,"I15,I25,RCH_A","I15,I25,RCH_A","I15,I25,RCH_A","I15,I25,RCH_A","I15,I25,RCH_A","I15,I25,RCH_A"
CP09111,Cameras (D),sub-division,"I15,I25,RCH_A","I15,I25,RCH_A","I15,I25,RCH_A","I15,I25,RCH_A","I15,I25,RCH_A","I15,I25,RCH_A"
CP09112,Accessories for photographic and cinematographic equipment (D),sub-division,,,"I15,I25,RCH_A",,"I15,I25,RCH_A","I15,I25,RCH_A"
CP09113,Optical instruments (D),sub-division,,,,,,"I15,I25,RCH_A"
CP0912,Major recreational durables (D),sub-division,,"I15,I25,RCH_A","I15,I25,RCH_A",,,"I15,I25,RCH_A"
CP09121,"Camper vans, caravans and trailers (D)",sub-division,,,,,,"I15,I25,RCH_A"
CP09123,"Boats, yachts, outboard motors and other water-sport equipment (D)",sub-division,,,,,,"I15,I25,RCH_A"
CP09124,"Horses, ponies, camels and dromedaries and accessories (D)",sub-division,,,,,,"I15,I25,RCH_A"
CP09129,Other major recreational durables (D),sub-division,,"I15,I25,RCH_A","I15,I25,RCH_A",,,"I15,I25,RCH_A"
CP092,Other recreational goods,sub-division,"I15,I25,RCH_A","I15,I25,RCH_A","I15,I25,RCH_A","I15,I25,RCH_A","I15,I25,RCH_A","I15,I25,RCH_A"
CP0921,"Games, toys and hobby-related articles (SD)",sub-division,"I15,I25,RCH_A","I15,I25,RCH_A","I15,I25,RCH_A","I15,I25,RCH_A","I15,I25,RCH_A","I15,I25,RCH_A"
CP09211,"Video game computers, consoles, game applications and software (SD)",sub-division,,"I15,I25",,"I15,I25,RCH_A",,"I15,I25,RCH_A"
CP09212,"Other games, toys and hobby-related articles (SD)",sub-division,"I15,I25,RCH_A","I15,I25,RCH_A","I15,I25,RCH_A","I15,I25,RCH_A","I15,I25,RCH_A","I15,I25,RCH_A"
CP09213,Celebration articles (ND),sub-division,,,,,,"I15,I25,RCH_A"
CP0922,"Sporting, camping and open-air recreation equipment (SD)",sub-division,"I15,I25,RCH_A","I15,I25,RCH_A","I15,I25,RCH_A","I15,I25,RCH_A","I15,I25,RCH_A","I15,I25,RCH_A"
CP09221,Sporting equipment (SD),sub-division,"I15,I25,RCH_A","I15,I25,RCH_A","I15,I25,RCH_A","I15,I25,RCH_A","I15,I25,RCH_A","I15,I25,RCH_A"
CP09222,Camping and open-air recreation equipment (SD),sub-division,,"I15,I25","I15,I25,RCH_A",,,"I15,I25,RCH_A"
CP093,Garden products and pets,sub-division,"I15,I25,RCH_A","I15,I25,RCH_A","I15,I25,RCH_A","I15,I25,RCH_A","I15,I25,RCH_A","I15,I25,RCH_A"
CP0931,"Garden products, plants and flowers (ND)",sub-division,"I15,I25,RCH_A","I15,I25,RCH_A","I15,I25,RCH_A","I15,I25,RCH_A","I15,I25,RCH_A","I15,I25,RCH_A"
CP09311,Garden products (ND),sub-division,,"I15,I25,RCH_A","I15,I25,RCH_A","I15,I25,RCH_A","I15,I25,RCH_A","I15,I25,RCH_A"
CP09312,"Plants, seeds and flowers (ND)",sub-division,"I15,I25,RCH_A","I15,I25,RCH_A","I15,I25,RCH_A","I15,I25,RCH_A","I15,I25,RCH_A","I15,I25,RCH_A"
CP0932,Pets and pet products (D),sub-division,"I15,I25,RCH_A","I15,I25,RCH_A","I15,I25,RCH_A","I15,I25,RCH_A","I15,I25,RCH_A","I15,I25,RCH_A"
CP09321,Pets (D),sub-division,,,,"I15,I25,RCH_A","I15,I25,RCH_A","I15,I25,RCH_A"
CP09322,Products for pets and other household animals (ND),sub-division,"I15,I25,RCH_A","I15,I25,RCH_A","I15,I25,RCH_A","I15,I25,RCH_A","I15,I25,RCH_A","I15,I25,RCH_A"
CP094,Recreational services,sub-division,"I15,I25,RCH_A","I15,I25,RCH_A","I15,I25,RCH_A","I15,I25,RCH_A","I15,I25,RCH_A","I15,I25,RCH_A"
CP0941,Hire and repair of photographic and cinematographic equipment and optical instruments (S),sub-division,,,,,,"I15,I25,RCH_A"
CP09410,Hire and repair of photographic and cinematographic equipment and optical instruments (S),sub-division,,,,,,"I15,I25,RCH_A"
CP0942,"Hire, maintenance and repair of major recreational durables (S)",sub-division,,,,,,"I15,I25,RCH_A"
CP09421,"Hire, maintenance and repair of camper vans and caravans (S)",sub-division,,,,,,"I15,I25,RCH_A"
CP09422,"Hire, maintenance and repair of other major recreational durables (S)",sub-division,,,,,,"I15,I25,RCH_A"
CP0943,"Hire and repair of games, toys and hobby-related articles (S)",sub-division,,,,,,"I15,I25,RCH_A"
CP09431,Hire of game software and subscription to online games (S),sub-division,,,,,,"I15,I25,RCH_A"
CP09432,"Hire and repair of other games, toys and hobby-related articles (S)",sub-division,,,,,,"I15,I25,RCH_A"
CP0944,"Hire and repair of sporting, camping and open-air recreational equipment (S)",sub-division,,,,,,"I15,I25,RCH_A"
CP09440,"Hire and repair of sporting, camping and open-air recreational equipment (S)",sub-division,,,,,,"I15,I25,RCH_A"
CP0945,Veterinary and other services for pets (S),sub-division,"I15,I25","I15,I25,RCH_A","I15,I25,RCH_A","I15,I25,RCH_A","I15,I25,RCH_A","I15,I25,RCH_A"
CP09450,Veterinary and other services for pets (S),sub-division,"I15,I25","I15,I25,RCH_A","I15,I25,RCH_A","I15,I25,RCH_A","I15,I25,RCH_A","I15,I25,RCH_A"
CP0946,Recreational and sporting services (S),sub-division,"I15,I25,RCH_A","I15,I25,RCH_A","I15,I25,RCH_A","I15,I25,RCH_A","I15,I25,RCH_A","I15,I25,RCH_A"
CP09461,Recreational and leisure services (S),sub-division,"I15,I25",,,,,"I15,I25,RCH_A"
CP09462,Services associated with the practice of sports (S),sub-division,,"I15,I25,RCH_A","I15,I25,RCH_A","I15,I25,RCH_A","I15,I25,RCH_A","I15,I25,RCH_A"
CP09463,Services associated with attendance at sporting events (S),sub-division,"I15,I25,RCH_A","I15,I25,RCH_A","I15,I25,RCH_A","I15,I25,RCH_A","I15,I25,RCH_A","I15,I25,RCH_A"
CP0947,Games of chance (S),sub-division,,"I15,I25","I15,I25","I15,I25",,"I15,I25"
CP09470,Games of chance (S),sub-division,,"I15,I25","I15,I25","I15,I25",,"I15,I25"
CP095,Cultural goods,sub-division,"I15,I25,RCH_A","I15,I25,RCH_A","I15,I25,RCH_A","I15,I25,RCH_A","I15,I25,RCH_A","I15,I25,RCH_A"
CP0951,Musical instruments (D),sub-division,"I15,I25,RCH_A","I15,I25,RCH_A","I15,I25,RCH_A","I15,I25,RCH_A","I15,I25,RCH_A","I15,I25,RCH_A"
CP09510,Musical instruments (D),sub-division,"I15,I25,RCH_A","I15,I25,RCH_A","I15,I25,RCH_A","I15,I25,RCH_A","I15,I25,RCH_A","I15,I25,RCH_A"
CP0952,Audiovisual media (SD),sub-division,"I15,I25,RCH_A",,"I15,I25,RCH_A","I15,I25,RCH_A","I15,I25,RCH_A","I15,I25,RCH_A"
CP09520,Audiovisual media (SD),sub-division,"I15,I25,RCH_A",,"I15,I25,RCH_A","I15,I25,RCH_A","I15,I25,RCH_A","I15,I25,RCH_A"
CP096,Cultural services,sub-division,"I15,I25,RCH_A","I15,I25,RCH_A","I15,I25,RCH_A","I15,I25,RCH_A","I15,I25,RCH_A","I15,I25,RCH_A"
CP0961,"Services provided by cinemas, theatres and concert venues (S)",sub-division,"I15,I25,RCH_A","I15,I25,RCH_A","I15,I25,RCH_A","I15,I25,RCH_A","I15,I25,RCH_A","I15,I25,RCH_A"
CP09610,"Services provided by cinemas, theatres and concert venues (S)",sub-division,"I15,I25,RCH_A","I15,I25,RCH_A","I15,I25,RCH_A","I15,I25,RCH_A","I15,I25,RCH_A","I15,I25,RCH_A"
CP0962,"Services provided by museums, libraries and cultural sites (S)",sub-division,,"I15,I25,RCH_A","I15,I25,RCH_A","I15,I25,RCH_A","I15,I25,RCH_A","I15,I25,RCH_A"
CP09620,"Services provided by museums, libraries and cultural sites (S)",sub-division,,"I15,I25,RCH_A","I15,I25,RCH_A","I15,I25,RCH_A","I15,I25,RCH_A","I15,I25,RCH_A"
CP0963,Photographic services (S),sub-division,"I15,I25,RCH_A","I15,I25,RCH_A","I15,I25,RCH_A","I15,I25,RCH_A","I15,I25,RCH_A","I15,I25,RCH_A"
CP09630,Photographic services (S),sub-division,"I15,I25,RCH_A","I15,I25,RCH_A","I15,I25,RCH_A","I15,I25,RCH_A","I15,I25,RCH_A","I15,I25,RCH_A"
CP0969,Other cultural services (S),sub-division,,,,,,"I15,I25,RCH_A"
CP09690,Other cultural services (S),sub-division,,,,,,"I15,I25,RCH_A"
CP097,"Newspapers, books and stationery",sub-division,"I15,I25,RCH_A","I15,I25,RCH_A","I15,I25,RCH_A","I15,I25,RCH_A","I15,I25,RCH_A","I15,I25,RCH_A"
CP0971,Books (SD),sub-division,"I15,I25,RCH_A","I15,I25,RCH_A","I15,I25,RCH_A","I15,I25,RCH_A","I15,I25,RCH_A","I15,I25,RCH_A"
CP09711,Educational books and textbooks (SD),sub-division,"I15,I25,RCH_A","I15,I25,RCH_A","I15,I25,RCH_A","I15,I25,RCH_A","I15,I25,RCH_A","I15,I25,RCH_A"
CP09719,Other books (SD),sub-division,"I15,I25,RCH_A","I15,I25,RCH_A","I15,I25,RCH_A","I15,I25,RCH_A","I15,I25,RCH_A","I15,I25,RCH_A"
CP0972,Newspapers and periodicals (ND),sub-division,"I15,I25,RCH_A","I15,I25,RCH_A","I15,I25,RCH_A","I15,I25,RCH_A","I15,I25,RCH_A","I15,I25,RCH_A"
CP09721,Newspapers (ND),sub-division,"I15,I25,RCH_A","I15,I25,RCH_A","I15,I25,RCH_A","I15,I25,RCH_A","I15,I25,RCH_A","I15,I25,RCH_A"
CP09722,Magazines and periodicals (ND),sub-division,,"I15,I25,RCH_A","I15,I25,RCH_A","I15,I25,RCH_A",,"I15,I25,RCH_A"
CP0973,Miscellaneous printed matter (ND),sub-division,,"I15,I25,RCH_A","I15,I25,RCH_A","I15,I25,RCH_A","I15,I25,RCH_A","I15,I25,RCH_A"
CP09730,Miscellaneous printed matter (ND),sub-division,,"I15,I25,RCH_A","I15,I25,RCH_A","I15,I25,RCH_A","I15,I25,RCH_A","I15,I25,RCH_A"
CP0974,Stationery and drawing materials (ND),sub-division,"I15,I25,RCH_A","I15,I25,RCH_A","I15,I25,RCH_A","I15,I25,RCH_A","I15,I25,RCH_A","I15,I25,RCH_A"
CP09740,Stationery and drawing materials (ND),sub-division,"I15,I25,RCH_A","I15,I25,RCH_A","I15,I25,RCH_A","I15,I25,RCH_A","I15,I25,RCH_A","I15,I25,RCH_A"
CP098,Package holidays,sub-division,"I15,I25,RCH_A","I15,I25,RCH_A","I15,I25,RCH_A","I15,I25,RCH_A","I15,I25,RCH_A","I15,I25,RCH_A"
CP0980,Package holidays (S),sub-division,"I15,I25,RCH_A","I15,I25,RCH_A","I15,I25,RCH_A","I15,I25,RCH_A","I15,I25,RCH_A","I15,I25,RCH_A"
CP09800,Package holidays (S),sub-division,"I15,I25,RCH_A","I15,I25,RCH_A","I15,I25,RCH_A","I15,I25,RCH_A","I15,I25,RCH_A","I15,I25,RCH_A"
CP101,Early childhood and primary education,sub-division,"I15,I25","I15,I25,RCH_A","I15,I25,RCH_A","I15,I25,RCH_A","I15,I25,RCH_A","I15,I25,RCH_A"
CP1010,Early childhood and primary education (S),sub-division,"I15,I25","I15,I25,RCH_A","I15,I25,RCH_A","I15,I25,RCH_A","I15,I25,RCH_A","I15,I25,RCH_A"
CP10101,Early childhood education (S),sub-division,"I15,I25","I15,I25,RCH_A","I15,I25,RCH_A","I15,I25,RCH_A","I15,I25,RCH_A","I15,I25,RCH_A"
CP10102,Primary education (S),sub-division,"I15,I25",,,"I15,I25,RCH_A",,"I15,I25,RCH_A"
CP102,Secondary education,sub-division,,,"I15,I25,RCH_A","I15,I25,RCH_A","I15,I25,RCH_A","I15,I25,RCH_A"
CP1020,Secondary education (S),sub-division,,,"I15,I25,RCH_A","I15,I25,RCH_A","I15,I25,RCH_A","I15,I25,RCH_A"
CP10200,Secondary education (S),sub-division,,,"I15,I25,RCH_A","I15,I25,RCH_A","I15,I25,RCH_A","I15,I25,RCH_A"
CP103,Post-secondary non-tertiary education,sub-division,,,,,,"I15,I25,RCH_A"
CP1030,Post-secondary non-tertiary education (S),sub-division,,,,,,"I15,I25,RCH_A"
CP10300,Post-secondary non-tertiary education (S),sub-division,,,,,,"I15,I25,RCH_A"
CP104,Tertiary education,sub-division,"I15,I25,RCH_A","I15,I25,RCH_A","I15,I25,RCH_A","I15,I25,RCH_A","I15,I25,RCH_A","I15,I25,RCH_A"
CP1040,Tertiary education (S),sub-division,"I15,I25,RCH_A","I15,I25,RCH_A","I15,I25,RCH_A","I15,I25,RCH_A","I15,I25,RCH_A","I15,I25,RCH_A"
CP10400,Tertiary education (S),sub-division,"I15,I25,RCH_A","I15,I25,RCH_A","I15,I25,RCH_A","I15,I25,RCH_A","I15,I25,RCH_A","I15,I25,RCH_A"
CP105,Education not defined by level,sub-division,"I15,I25,RCH_A","I15,I25,RCH_A","I15,I25,RCH_A","I15,I25,RCH_A","I15,I25,RCH_A","I15,I25,RCH_A"
CP1050,Education not defined by level (S),sub-division,"I15,I25,RCH_A","I15,I25,RCH_A","I15,I25,RCH_A","I15,I25,RCH_A","I15,I25,RCH_A","I15,I25,RCH_A"
CP10501,Tutoring (S),sub-division,,"I15,I25",,,,"I15,I25,RCH_A"
CP10509,Other education not defined by level (S),sub-division,"I15,I25,RCH_A","I15,I25,RCH_A","I15,I25,RCH_A","I15,I25,RCH_A","I15,I25,RCH_A","I15,I25,RCH_A"
CP111,Food and beverage serving services,sub-division,"I15,I25,RCH_A","I15,I25,RCH_A","I15,I25,RCH_A","I15,I25,RCH_A","I15,I25,RCH_A","I15,I25,RCH_A"
CP1111,"Restaurants, cafés and the like (S)",sub-division,"I15,I25,RCH_A","I15,I25,RCH_A","I15,I25,RCH_A","I15,I25,RCH_A","I15,I25,RCH_A","I15,I25,RCH_A"
CP11111,"Restaurants, cafés and the like – with full service (S)",sub-division,"I15,I25,RCH_A","I15,I25,RCH_A","I15,I25,RCH_A","I15,I25,RCH_A","I15,I25,RCH_A","I15,I25,RCH_A"
CP11112,"Restaurants, cafés and the like – with limited service (S)",sub-division,,"I15,I25,RCH_A","I15,I25,RCH_A","I15,I25,RCH_A","I15,I25,RCH_A","I15,I25,RCH_A"
CP1112,"Canteens, cafeterias and refectories (S)",sub-division,,,"I15,I25,RCH_A",,,"I15,I25,RCH_A"
CP11121,"Canteens and cafeterias of universities, schools and kindergartens (S)",sub-division,,,"I15,I25,RCH_A",,,"I15,I25,RCH_A"
CP11129,"Other canteens, cafeterias and refectories (S)",sub-division,,,,,,"I15,I25,RCH_A"
CP112,Accommodation services,sub-division,"I15,I25,RCH_A","I15,I25,RCH_A","I15,I25,RCH_A","I15,I25,RCH_A","I15,I25,RCH_A","I15,I25,RCH_A"
CP1120,Accommodation services (S),sub-division,"I15,I25,RCH_A","I15,I25,RCH_A","I15,I25,RCH_A","I15,I25,RCH_A","I15,I25,RCH_A","I15,I25,RCH_A"
CP11201,"Hotels, motels, inns and similar accommodation services (S)",sub-division,,"I15,I25,RCH_A","I15,I25,RCH_A","I15,I25,RCH_A","I15,I25,RCH_A","I15,I25,RCH_A"
CP11202,"Holiday centres, camping sites, youth hostels and similar accommodation services (S)",sub-division,"I15,I25,RCH_A",,"I15,I25,RCH_A",,"I15,I25,RCH_A","I15,I25,RCH_A"
CP11203,"Accommodation services of boarding schools, universities and other educational establishments (S)",sub-division,"I15,I25,RCH_A","I15,I25,RCH_A","I15,I25,RCH_A","I15,I25,RCH_A","I15,I25,RCH_A","I15,I25,RCH_A"
CP121,Insurance,sub-division,"I15,I25,RCH_A","I15,I25,RCH_A","I15,I25,RCH_A","I15,I25,RCH_A","I15,I25,RCH_A","I15,I25,RCH_A"
CP1211,Life and accident insurance (S),sub-division,,,,,,"I15,I25,RCH_A"
CP12110,Life and accident insurance (S),sub-division,,,,,,"I15,I25,RCH_A"
CP1212,Insurance connected with health (S),sub-division,"I15,I25,RCH_A","I15,I25",,,,"I15,I25,RCH_A"
CP12120,Insurance connected with health (S),sub-division,"I15,I25,RCH_A","I15,I25",,,,"I15,I25,RCH_A"
CP1213,Insurance connected with dwellings (S),sub-division,,"I15,I25,RCH_A","I15,I25,RCH_A",,"I15,I25,RCH_A","I15,I25,RCH_A"
CP12130,Insurance connected with dwellings (S),sub-division,,"I15,I25,RCH_A","I15,I25,RCH_A",,"I15,I25,RCH_A","I15,I25,RCH_A"
CP1214,Insurance connected with transport (S),sub-division,"I15,I25,RCH_A","I15,I25,RCH_A","I15,I25,RCH_A","I15,I25,RCH_A","I15,I25,RCH_A","I15,I25,RCH_A"
CP12141,Personal transport insurance (S),sub-division,"I15,I25,RCH_A","I15,I25,RCH_A","I15,I25,RCH_A","I15,I25,RCH_A","I15,I25,RCH_A","I15,I25,RCH_A"
CP12142,Travel insurance (S),sub-division,"I15,I25,RCH_A",,,"I15,I25,RCH_A","I15,I25,RCH_A","I15,I25,RCH_A"
CP1219,Other insurance (S),sub-division,,,,,,"I15,I25,RCH_A"
CP12190,Other insurance (S),sub-division,,,,,,"I15,I25,RCH_A"
CP122,Financial services,sub-division,"I15,I25,RCH_A","I15,I25,RCH_A","I15,I25,RCH_A","I15,I25,RCH_A","I15,I25,RCH_A","I15,I25,RCH_A"
CP1222,Explicit charges by deposit-taking corporations (S),sub-division,"I15,I25,RCH_A","I15,I25,RCH_A","I15,I25,RCH_A",,"I15,I25,RCH_A","I15,I25,RCH_A"
CP12220,Explicit charges by deposit-taking corporations (S),sub-division,"I15,I25,RCH_A","I15,I25,RCH_A","I15,I25,RCH_A",,"I15,I25,RCH_A","I15,I25,RCH_A"
CP1229,Other financial services (S),sub-division,,"I15,I25",,"I15,I25,RCH_A","I15,I25,RCH_A","I15,I25,RCH_A"
CP12291,Remittances fees (S),sub-division,,"I15,I25",,,,"I15,I25,RCH_A"
CP12299,Other financial services n.e.c. (S),sub-division,,,,"I15,I25,RCH_A","I15,I25,RCH_A","I15,I25,RCH_A"
CP131,Personal care,sub-division,"I15,I25,RCH_A","I15,I25,RCH_A","I15,I25,RCH_A","I15,I25,RCH_A","I15,I25,RCH_A","I15,I25,RCH_A"
CP1311,Electric appliances for personal care (SD),sub-division,"I15,I25,RCH_A","I15,I25,RCH_A","I15,I25,RCH_A","I15,I25,RCH_A","I15,I25,RCH_A","I15,I25,RCH_A"
CP13111,Purchase of electric appliances for personal care (SD),sub-division,"I15,I25,RCH_A","I15,I25,RCH_A","I15,I25,RCH_A","I15,I25,RCH_A","I15,I25,RCH_A","I15,I25,RCH_A"
CP1312,"Other appliances, articles and products for personal care (ND)",sub-division,"I15,I25,RCH_A","I15,I25,RCH_A","I15,I25,RCH_A","I15,I25,RCH_A","I15,I25,RCH_A","I15,I25,RCH_A"
CP13120,"Other appliances, articles and products for personal care (ND)",sub-division,"I15,I25,RCH_A","I15,I25,RCH_A","I15,I25,RCH_A","I15,I25,RCH_A","I15,I25,RCH_A","I15,I25,RCH_A"
CP1313,Hairdressing salons and personal grooming establishments (S),sub-division,"I15,I25,RCH_A","I15,I25,RCH_A","I15,I25,RCH_A","I15,I25,RCH_A","I15,I25,RCH_A","I15,I25,RCH_A"
CP13131,Hairdressing (S),sub-division,"I15,I25,RCH_A","I15,I25,RCH_A","I15,I25,RCH_A","I15,I25,RCH_A","I15,I25,RCH_A","I15,I25,RCH_A"
CP13132,Personal grooming treatments (S),sub-division,"I15,I25","I15,I25,RCH_A","I15,I25,RCH_A","I15,I25,RCH_A","I15,I25,RCH_A","I15,I25,RCH_A"
CP132,Other personal effects,sub-division,"I15,I25,RCH_A","I15,I25,RCH_A","I15,I25,RCH_A","I15,I25,RCH_A","I15,I25,RCH_A","I15,I25,RCH_A"
CP1321,Jewellery and watches (D),sub-division,"I15,I25,RCH_A","I15,I25,RCH_A","I15,I25,RCH_A","I15,I25,RCH_A","I15,I25,RCH_A","I15,I25,RCH_A"
CP13211,Purchase of jewellery and watches (D),sub-division,"I15,I25,RCH_A","I15,I25,RCH_A","I15,I25,RCH_A","I15,I25,RCH_A","I15,I25,RCH_A","I15,I25,RCH_A"
CP13212,"Repair and hire of jewellery, clocks and watches (S)",sub-division,,,,"I15,I25","I15,I25,RCH_A","I15,I25,RCH_A"
CP1322,Devotional articles and articles for religious and ritual celebrations (SD),sub-division,,,,,,"I15,I25,RCH_A"
CP13220,Devotional articles and articles for religious and ritual celebrations (SD),sub-division,,,,,,"I15,I25,RCH_A"
CP1329,Other personal effects n.e.c. (SD),sub-division,"I15,I25,RCH_A","I15,I25,RCH_A","I15,I25,RCH_A","I15,I25,RCH_A","I15,I25,RCH_A","I15,I25,RCH_A"
CP13291,"Travel goods, baby articles and other personal effects n.e.c. (SD)",sub-division,"I15,I25,RCH_A","I15,I25,RCH_A","I15,I25,RCH_A","I15,I25,RCH_A","I15,I25,RCH_A","I15,I25,RCH_A"
CP13292,Repair and hire of other personal effects (S),sub-division,,,,,"I15,I25,RCH_A","I15,I25,RCH_A"
CP133,Social protection,sub-division,"I15,I25,RCH_A","I15,I25,RCH_A","I15,I25,RCH_A","I15,I25,RCH_A","I15,I25,RCH_A","I15,I25,RCH_A"
CP1330,Social protection (S),sub-division,"I15,I25,RCH_A","I15,I25,RCH_A","I15,I25,RCH_A","I15,I25,RCH_A","I15,I25,RCH_A","I15,I25,RCH_A"
CP13301,Childcare services (S),sub-division,"I15,I25,RCH_A","I15,I25,RCH_A","I15,I25,RCH_A","I15,I25,RCH_A","I15,I25,RCH_A","I15,I25,RCH_A"
CP13302,"Retirement homes for elderly persons and residences for disabled persons, not providing medical care (S)",sub-division,,,,,"I15,I25,RCH_A","I15,I25,RCH_A"
CP13303,Home care services for elderly and disabled (S),sub-division,,,,,,"I15,I25,RCH_A"
CP13309,Other social protection services (S),sub-division,,,,,,"I15,I25"
CP139,Other services,sub-division,"I15,I25,RCH_A","I15,I25,RCH_A","I15,I25,RCH_A","I15,I25,RCH_A","I15,I25,RCH_A","I15,I25,RCH_A"
CP1390,Other services (S),sub-division,"I15,I25,RCH_A","I15,I25,RCH_A","I15,I25,RCH_A","I15,I25,RCH_A","I15,I25,RCH_A","I15,I25,RCH_A"
CP13902,Religious services (S),sub-division,,,,,"I15,I25,RCH_A","I15,I25,RCH_A"
CP13909,Other services n.e.c. (S),sub-division,"I15,I25,RCH_A","I15,I25,RCH_A","I15,I25,RCH_A","I15,I25,RCH_A","I15,I25,RCH_A","I15,I25,RCH_A"
TOTAL,Total,total,"I15,I25,RCH_A","I15,I25,RCH_A","I15,I25,RCH_A","I15,I25,RCH_A","I15,I25,RCH_A","I15,I25,RCH_A"
